,state,city,avg_numproviders,median_numproviders,None of the above / Not working for pay,I continue to commute to work,Used to work from home and still do,"Used to commute, now work from home",I have recently been furloughed or laid-off,"Used to work from home, but now I commute",place_2000_pop
0,AK,Anchorage,,,12.0,7.0,1.0,6.0,1.0,0.0,
1,AK,Wasilla,5.0,5.0,5.0,0.0,0.0,2.0,1.0,0.0,5469
2,AL,Alabaster,19.0,19.0,9.0,6.0,2.0,2.0,1.0,0.0,22619
3,AL,Andalusia,9.0,9.0,3.0,1.0,0.0,1.0,0.0,0.0,8794
4,AL,Atmore,14.0,14.0,3.0,2.0,0.0,1.0,0.0,0.0,7676
5,AL,Auburn,19.0,19.0,4.0,4.0,2.0,2.0,0.0,0.0,42987
6,AL,Birmingham,25.5,25.5,36.0,30.0,5.0,13.0,5.0,2.0,242307
7,AL,Birmingham,25.5,25.5,36.0,30.0,5.0,13.0,5.0,2.0,513
8,AL,Calera,14.0,14.0,5.0,2.0,1.0,0.0,0.0,0.0,3079
9,AL,Calera,14.0,14.0,5.0,2.0,1.0,0.0,0.0,0.0,79
10,AL,Chelsea,,,3.0,1.0,2.0,1.0,0.0,0.0,
11,AL,Clanton,9.0,9.0,4.0,0.0,0.0,1.0,0.0,0.0,7800
12,AL,Decatur,17.0,17.0,0.0,3.0,2.0,0.0,0.0,0.0,53846
13,AL,Decatur,17.0,17.0,0.0,3.0,2.0,0.0,0.0,0.0,83
14,AL,Dothan,11.666666666666666,10.0,8.0,6.0,1.0,3.0,2.0,0.0,57082
15,AL,Dothan,11.666666666666666,10.0,8.0,6.0,1.0,3.0,2.0,0.0,650
16,AL,Dothan,11.666666666666666,10.0,8.0,6.0,1.0,3.0,2.0,0.0,5
17,AL,Enterprise,10.0,10.0,4.0,4.0,1.0,0.0,0.0,0.0,20993
18,AL,Enterprise,10.0,10.0,4.0,4.0,1.0,0.0,0.0,0.0,185
19,AL,Eufaula,13.0,13.0,2.0,2.0,1.0,0.0,0.0,0.0,13908
20,AL,Florence,13.0,13.0,4.0,5.0,2.0,0.0,0.0,0.0,36264
21,AL,Gadsden,21.0,21.0,6.0,7.0,1.0,0.0,1.0,0.0,38978
22,AL,Grand Bay,,,6.0,1.0,0.0,0.0,0.0,0.0,
23,AL,Greenville,9.0,9.0,3.0,2.0,2.0,2.0,0.0,0.0,7228
24,AL,Helena,25.5,25.5,6.0,0.0,1.0,3.0,0.0,0.0,10293
25,AL,Helena,25.5,25.5,6.0,0.0,1.0,3.0,0.0,0.0,3
26,AL,Hoover,25.5,25.5,6.0,2.0,2.0,7.0,0.0,0.0,46868
27,AL,Hoover,25.5,25.5,6.0,2.0,2.0,7.0,0.0,0.0,15874
28,AL,Huntsville,19.0,19.0,11.0,13.0,2.0,4.0,0.0,0.0,157952
29,AL,Huntsville,19.0,19.0,11.0,13.0,2.0,4.0,0.0,0.0,264
30,AL,Killen,,,2.0,1.0,1.0,1.0,1.0,0.0,
31,AL,Madison,19.0,19.0,2.0,2.0,0.0,7.0,0.0,0.0,29190
32,AL,Madison,19.0,19.0,2.0,2.0,0.0,7.0,0.0,0.0,139
33,AL,Mobile,23.0,23.0,2.0,3.0,0.0,1.0,0.0,0.0,198915
34,AL,Montevallo,19.0,19.0,4.0,0.0,2.0,0.0,0.0,0.0,4825
35,AL,Montgomery,22.0,22.0,14.0,9.0,0.0,5.0,0.0,0.0,201568
36,AL,Muscle Shoals,12.0,12.0,3.0,1.0,0.0,1.0,1.0,0.0,11924
37,AL,Opelika,19.0,19.0,4.0,2.0,1.0,1.0,1.0,0.0,23498
38,AL,Opp,9.0,9.0,4.0,1.0,0.0,0.0,0.0,0.0,6607
39,AL,Pelham,19.0,19.0,7.0,2.0,2.0,3.0,1.0,0.0,14369
40,AL,Selma,12.0,12.0,3.0,2.0,0.0,1.0,2.0,0.0,20512
41,AL,Sheffield,12.0,12.0,5.0,3.0,0.0,0.0,0.0,0.0,9652
42,AL,Shelby,,,3.0,0.0,1.0,1.0,0.0,0.0,
43,AL,Troy,13.0,13.0,6.0,8.0,0.0,3.0,0.0,0.0,13935
44,AL,Tuscaloosa,18.0,18.0,4.0,2.0,0.0,3.0,1.0,0.0,77906
45,AL,Tuscumbia,12.0,12.0,2.0,2.0,0.0,1.0,0.0,0.0,7856
46,AL,Valley,9.0,9.0,5.0,1.0,1.0,0.0,0.0,0.0,9198
47,AL,Vestavia Hills,25.5,25.5,2.0,1.0,0.0,1.0,1.0,0.0,24455
48,AL,Vestavia Hills,25.5,25.5,2.0,1.0,0.0,1.0,1.0,0.0,21
49,AR,Bella Vista,,,5.0,0.0,0.0,0.0,0.0,0.0,
50,AR,Conway,22.0,22.0,2.0,1.0,2.0,0.0,0.0,0.0,43167
51,AR,Jonesboro,20.0,20.0,5.0,0.0,1.0,0.0,0.0,0.0,55515
52,AR,Little Rock,30.0,30.0,15.0,7.0,4.0,5.0,1.0,0.0,183133
53,AR,Mountain Home,12.0,12.0,2.0,3.0,0.0,0.0,0.0,0.0,11012
54,AR,Texarkana,8.0,8.0,9.0,5.0,0.0,3.0,1.0,0.0,26448
55,AZ,Buckeye,,,2.0,1.0,1.0,1.0,0.0,1.0,
56,AZ,Casas Adobes,,,5.0,1.0,1.0,0.0,0.0,0.0,
57,AZ,Catalina Foothills,,,4.0,1.0,0.0,3.0,0.0,0.0,
58,AZ,Chandler,71.0,71.0,8.0,3.0,0.0,4.0,0.0,0.0,176581
59,AZ,Drexel Heights,,,2.0,1.0,0.0,2.0,0.0,0.0,
60,AZ,Flagstaff,26.0,26.0,8.0,1.0,2.0,3.0,1.0,1.0,52894
61,AZ,Gilbert,,,5.0,1.0,0.0,3.0,0.0,0.0,
62,AZ,Green Valley,,,5.0,1.0,2.0,2.0,0.0,0.0,
63,AZ,Lake Havasu City,21.0,21.0,11.0,6.0,1.0,1.0,2.0,0.0,41938
64,AZ,Marana,,,3.0,0.0,1.0,1.0,0.0,0.0,
65,AZ,Maricopa,,,3.0,0.0,2.0,0.0,0.0,0.0,
66,AZ,Mesa,71.0,71.0,14.0,3.0,3.0,4.0,1.0,1.0,396375
67,AZ,New River,,,4.0,0.0,0.0,2.0,0.0,0.0,
68,AZ,Oro Valley,,,4.0,1.0,0.0,0.0,0.0,0.0,
69,AZ,Peoria,49.0,49.0,3.0,1.0,1.0,0.0,2.0,0.0,108363
70,AZ,Peoria,49.0,49.0,3.0,1.0,1.0,0.0,2.0,0.0,1
71,AZ,Phoenix,71.0,71.0,65.0,34.0,10.0,19.0,18.0,1.0,1321045
72,AZ,Prescott,27.0,27.0,4.0,2.0,3.0,0.0,0.0,0.0,33938
73,AZ,Safford,14.0,14.0,2.0,4.0,0.0,1.0,0.0,0.0,9232
74,AZ,Sahuarita,,,9.0,3.0,0.0,2.0,1.0,1.0,
75,AZ,Scottsdale,71.0,71.0,8.0,0.0,2.0,6.0,0.0,0.0,202705
76,AZ,Sierra Vista,21.0,21.0,3.0,1.0,1.0,0.0,0.0,0.0,37775
77,AZ,Sun City,,,4.0,1.0,0.0,0.0,0.0,0.0,
78,AZ,Sun City West,,,7.0,0.0,0.0,0.0,1.0,0.0,
79,AZ,Surprise,71.0,71.0,5.0,2.0,1.0,1.0,1.0,0.0,30848
80,AZ,Tempe,71.0,71.0,8.0,1.0,1.0,1.0,0.0,0.0,158625
81,AZ,Tucson,35.0,35.0,20.0,10.0,1.0,6.0,6.0,1.0,486699
82,AZ,Yuma,15.0,15.0,5.0,1.0,0.0,0.0,0.0,0.0,77515
83,CA,Alta Sierra,,,7.0,2.0,1.0,0.0,0.0,0.0,
84,CA,Bakersfield,32.0,32.0,3.0,2.0,0.0,3.0,0.0,0.0,247057
85,CA,Carlsbad,51.0,51.0,2.0,0.0,0.0,3.0,0.0,0.0,78247
86,CA,Cerritos,76.0,76.0,3.0,0.0,1.0,1.0,0.0,0.0,51488
87,CA,Costa Mesa,48.0,48.0,1.0,2.0,0.0,1.0,1.0,0.0,108724
88,CA,El Dorado Hills,,,3.0,0.0,0.0,3.0,1.0,0.0,
89,CA,Elk Grove,,,4.0,1.0,1.0,0.0,0.0,0.0,
90,CA,Fairfield,26.0,26.0,3.0,1.0,1.0,2.0,0.0,0.0,96178
91,CA,Fontana,55.0,55.0,3.0,1.0,0.0,2.0,0.0,0.0,128929
92,CA,Fresno,37.0,37.0,2.0,3.0,2.0,3.0,1.0,0.0,427652
93,CA,Fullerton,48.0,48.0,5.0,0.0,1.0,0.0,0.0,0.0,126003
94,CA,Goleta,,,0.0,1.0,1.0,4.0,1.0,0.0,
95,CA,Grass Valley,22.0,22.0,10.0,2.0,4.0,3.0,2.0,0.0,10922
96,CA,Hanford,15.0,15.0,4.0,2.0,0.0,0.0,1.0,0.0,41686
97,CA,Huntington Beach,48.0,48.0,1.0,0.0,2.0,1.0,1.0,0.0,189594
98,CA,Irvine,48.0,48.0,5.0,1.0,3.0,2.0,1.0,0.0,143072
99,CA,Long Beach,76.0,76.0,4.0,3.0,1.0,1.0,0.0,0.0,461522
100,CA,Los Angeles,76.0,76.0,45.0,17.0,16.0,33.0,12.0,2.0,3694820
101,CA,Modesto,25.0,25.0,3.0,0.0,0.0,2.0,0.0,0.0,188856
102,CA,Monterey,31.0,31.0,2.0,1.0,0.0,2.0,1.0,0.0,29674
103,CA,Mountain View,55.0,55.0,0.0,0.0,0.0,4.0,1.0,0.0,70708
104,CA,Napa,18.0,18.0,4.0,2.0,3.0,0.0,0.0,0.0,72585
105,CA,Nevada City,22.0,22.0,5.0,0.0,0.0,1.0,0.0,0.0,3001
106,CA,Newport Beach,48.0,48.0,3.0,0.0,1.0,2.0,0.0,0.0,70032
107,CA,Oceanside,51.0,51.0,4.0,0.0,1.0,0.0,0.0,0.0,161029
108,CA,Orcutt,,,6.0,2.0,0.0,1.0,0.0,0.0,
109,CA,Palm Springs,50.0,50.0,2.0,2.0,0.0,1.0,0.0,1.0,42807
110,CA,Porterville,26.0,26.0,4.0,0.0,1.0,0.0,0.0,0.0,39615
111,CA,Rancho Cucamonga,55.0,55.0,3.0,0.0,1.0,1.0,1.0,0.0,127743
112,CA,Sacramento,44.0,44.0,28.0,16.0,5.0,7.0,6.0,1.0,407018
113,CA,San Diego,51.0,51.0,21.0,6.0,6.0,12.0,4.0,1.0,1223400
114,CA,San Jose,55.0,55.0,1.0,1.0,0.0,3.0,0.0,0.0,894943
115,CA,Santa Ana,48.0,48.0,3.0,1.0,0.0,2.0,0.0,0.0,337977
116,CA,Santa Barbara,24.0,24.0,2.0,2.0,1.0,2.0,0.0,0.0,92325
117,CA,Santa Clarita,76.0,76.0,3.0,1.0,1.0,3.0,1.0,0.0,151088
118,CA,Santa Maria,24.0,24.0,8.0,2.0,1.0,0.0,0.0,1.0,77423
119,CA,South Lake Tahoe,25.0,25.0,6.0,2.0,1.0,2.0,1.0,0.0,23609
120,CA,Temecula,50.0,50.0,5.0,0.0,1.0,0.0,1.0,1.0,57716
121,CA,Thousand Oaks,32.0,32.0,4.0,1.0,2.0,1.0,0.0,0.0,117005
122,CA,Vacaville,26.0,26.0,1.0,1.0,0.0,2.0,1.0,0.0,88625
123,CA,Ventura,,,2.0,1.0,0.0,2.0,0.0,1.0,
124,CA,Visalia,26.0,26.0,3.0,2.0,1.0,1.0,1.0,0.0,91565
125,CO,Arvada,34.0,34.0,5.0,2.0,2.0,3.0,0.0,0.0,99306
126,CO,Arvada,34.0,34.0,5.0,2.0,2.0,3.0,0.0,0.0,2847
127,CO,Aurora,36.666666666666664,36.0,15.0,11.0,6.0,5.0,4.0,0.0,236144
128,CO,Aurora,36.666666666666664,36.0,15.0,11.0,6.0,5.0,4.0,0.0,40249
129,CO,Aurora,36.666666666666664,36.0,15.0,11.0,6.0,5.0,4.0,0.0,0
130,CO,Boulder,34.0,34.0,7.0,4.0,3.0,8.0,2.0,0.0,94673
131,CO,Breckenridge,,,3.0,0.0,0.0,1.0,1.0,0.0,
132,CO,Broomfield,33.75,33.5,4.0,0.0,1.0,3.0,1.0,0.0,21474
133,CO,Broomfield,33.75,33.5,4.0,0.0,1.0,3.0,1.0,0.0,15239
134,CO,Broomfield,33.75,33.5,4.0,0.0,1.0,3.0,1.0,0.0,1549
135,CO,Broomfield,33.75,33.5,4.0,0.0,1.0,3.0,1.0,0.0,10
136,CO,Castle Rock,,,4.0,0.0,0.0,3.0,0.0,0.0,
137,CO,Centennial,,,5.0,1.0,3.0,6.0,1.0,0.0,
138,CO,Colorado Springs,37.0,37.0,23.0,7.0,4.0,9.0,4.0,0.0,360890
139,CO,Commerce City,36.0,36.0,2.0,1.0,0.0,1.0,1.0,0.0,20991
140,CO,Denver,43.0,43.0,89.0,52.0,20.0,52.0,21.0,10.0,554636
141,CO,Evans,33.0,33.0,2.0,1.0,1.0,1.0,2.0,0.0,9514
142,CO,Fort Collins,26.0,26.0,7.0,6.0,2.0,7.0,2.0,1.0,118652
143,CO,Frisco,,,1.0,1.0,2.0,2.0,0.0,0.0,
144,CO,Glenwood Springs,13.0,13.0,1.0,4.0,0.0,1.0,0.0,0.0,7736
145,CO,Granby,,,2.0,1.0,0.0,1.0,1.0,0.0,
146,CO,Grand Junction,18.0,18.0,6.0,5.0,1.0,0.0,0.0,0.0,41986
147,CO,Greeley,33.0,33.0,7.0,10.0,1.0,4.0,1.0,0.0,76930
148,CO,Highlands Ranch,,,5.0,1.0,0.0,5.0,1.0,1.0,
149,CO,Lakewood,32.0,32.0,11.0,0.0,2.0,1.0,0.0,0.0,144126
150,CO,Lone Tree,30.0,30.0,3.0,1.0,1.0,1.0,0.0,0.0,4873
151,CO,Longmont,33.5,33.5,0.0,1.0,1.0,4.0,0.0,0.0,71069
152,CO,Longmont,33.5,33.5,0.0,1.0,1.0,4.0,0.0,0.0,24
153,CO,Loveland,26.0,26.0,5.0,2.0,2.0,2.0,1.0,0.0,50608
154,CO,Parker,,,2.0,0.0,1.0,3.0,0.0,0.0,
155,CO,Pueblo,19.0,19.0,5.0,3.0,1.0,2.0,1.0,0.0,102121
156,CO,Steamboat Springs,14.0,14.0,6.0,3.0,2.0,2.0,1.0,0.0,9815
157,CO,Thornton,34.5,34.5,4.0,0.0,0.0,3.0,1.0,0.0,82384
158,CO,Thornton,34.5,34.5,4.0,0.0,0.0,3.0,1.0,0.0,0
159,CO,Westminster,34.0,34.0,5.0,1.0,3.0,0.0,1.0,0.0,57419
160,CO,Westminster,34.0,34.0,5.0,1.0,3.0,0.0,1.0,0.0,43521
161,CO,Windsor,,,0.0,2.0,0.0,3.0,1.0,0.0,
162,CT,Bristol,21.0,21.0,15.0,1.0,2.0,5.0,3.0,0.0,60062
163,CT,Cromwell,,,4.0,0.0,0.0,2.0,0.0,0.0,
164,CT,Farmington,,,2.0,3.0,1.0,1.0,0.0,0.0,
165,CT,Groton,13.0,13.0,6.0,0.0,0.0,1.0,1.0,0.0,10010
166,CT,Hartford,21.0,21.0,8.0,4.0,0.0,5.0,2.0,0.0,121578
167,CT,Montville,,,3.0,3.0,0.0,0.0,1.0,0.0,
168,CT,New Britain,21.0,21.0,6.0,8.0,2.0,8.0,1.0,0.0,71538
169,CT,Newington,,,3.0,1.0,1.0,6.0,2.0,0.0,
170,CT,Norwich,13.0,13.0,1.0,2.0,0.0,1.0,2.0,0.0,36117
171,CT,Plainville,,,3.0,2.0,0.0,0.0,0.0,0.0,
172,CT,Southington,,,6.0,1.0,1.0,3.0,0.0,0.0,
173,CT,Stonington,,,3.0,2.0,0.0,0.0,2.0,0.0,
174,CT,Waterbury,19.0,19.0,3.0,2.0,0.0,3.0,1.0,0.0,107271
175,CT,West Hartford,,,2.0,1.0,0.0,4.0,1.0,0.0,
176,CT,Windham,,,2.0,3.0,0.0,0.0,0.0,0.0,
177,DC,Washington,38.0,38.0,31.0,8.0,9.0,33.0,2.0,4.0,572059
178,DE,Bear,,,2.0,0.0,0.0,3.0,0.0,0.0,
179,DE,Brookside,,,3.0,0.0,0.0,1.0,2.0,1.0,
180,DE,Claymont,,,1.0,0.0,2.0,1.0,1.0,0.0,
181,DE,Dover,18.0,18.0,2.0,4.0,1.0,1.0,0.0,0.0,32135
182,DE,Glasgow,,,4.0,1.0,2.0,4.0,0.0,0.0,
183,DE,Newark,23.0,23.0,8.0,0.0,0.0,3.0,1.0,0.0,28547
184,DE,Pike Creek,,,7.0,2.0,2.0,8.0,3.0,0.0,
185,DE,Wilmington,23.0,23.0,9.0,2.0,0.0,1.0,2.0,0.0,72664
186,FL,Apopka,46.0,46.0,3.0,2.0,0.0,0.0,0.0,0.0,26642
187,FL,Bee Ridge,,,4.0,2.0,0.0,0.0,1.0,0.0,
188,FL,Bonita Springs,27.0,27.0,6.0,0.0,0.0,0.0,0.0,0.0,32797
189,FL,Bradenton,20.0,20.0,7.0,7.0,1.0,6.0,1.0,0.0,49504
190,FL,Cape Coral,27.0,27.0,13.0,1.0,2.0,1.0,0.0,0.0,102286
191,FL,Clearwater,23.0,23.0,3.0,3.0,0.0,1.0,0.0,0.0,108787
192,FL,Coral Springs,40.0,40.0,1.0,2.0,0.0,1.0,1.0,0.0,117549
193,FL,Davie,,,1.0,2.0,1.0,2.0,1.0,0.0,
194,FL,Fort Lauderdale,40.0,40.0,2.0,1.0,3.0,4.0,2.0,0.0,152397
195,FL,Fort Myers,27.0,27.0,3.0,0.0,0.0,0.0,2.0,0.0,48208
196,FL,Fruitville,,,5.0,1.0,0.0,2.0,0.0,0.0,
197,FL,Gainesville,23.0,23.0,4.0,3.0,0.0,3.0,0.0,0.0,95447
198,FL,Gulf Gate Estates,,,3.0,0.0,1.0,0.0,2.0,0.0,
199,FL,Jacksonville,36.0,36.0,18.0,10.0,4.0,8.0,1.0,0.0,735617
200,FL,Jupiter,,,2.0,1.0,1.0,2.0,1.0,0.0,
201,FL,Lakeland,23.0,23.0,4.0,2.0,0.0,1.0,0.0,0.0,78452
202,FL,Lakewood Ranch,,,3.0,3.0,0.0,1.0,2.0,0.0,
203,FL,Largo,23.0,23.0,3.0,1.0,0.0,1.0,0.0,0.0,69371
204,FL,Lutz,,,0.0,1.0,2.0,2.0,0.0,0.0,
205,FL,Melbourne,19.0,19.0,6.0,6.0,0.0,1.0,0.0,1.0,71382
206,FL,Merritt Island,,,5.0,1.0,0.0,1.0,0.0,0.0,
207,FL,Miami,49.0,49.0,11.0,2.0,4.0,7.0,2.0,0.0,362470
208,FL,Miramar Beach,,,2.0,1.0,2.0,0.0,1.0,0.0,
209,FL,Myakka City,,,2.0,4.0,1.0,0.0,0.0,0.0,
210,FL,Naples,18.0,18.0,2.0,1.0,1.0,1.0,2.0,0.0,20976
211,FL,Navarre,,,1.0,0.0,0.0,2.0,2.0,0.0,
212,FL,North Naples,,,6.0,1.0,1.0,2.0,0.0,0.0,
213,FL,North Port,24.0,24.0,8.0,2.0,0.0,0.0,0.0,0.0,22797
214,FL,Ocala,22.0,22.0,7.0,3.0,2.0,2.0,2.0,0.0,45943
215,FL,Orlando,46.0,46.0,13.0,7.0,1.0,3.0,4.0,2.0,185951
216,FL,Ormond Beach,25.0,25.0,5.0,0.0,0.0,0.0,0.0,0.0,36301
217,FL,Pace,,,2.0,3.0,0.0,1.0,0.0,0.0,
218,FL,Palm Bay,19.0,19.0,3.0,1.0,1.0,1.0,0.0,0.0,79413
219,FL,Palm Beach Gardens,37.0,37.0,3.0,0.0,0.0,2.0,0.0,1.0,35058
220,FL,Palm City,,,1.0,1.0,0.0,2.0,0.0,1.0,
221,FL,Panama City Beach,20.0,20.0,1.0,1.0,1.0,2.0,0.0,0.0,7671
222,FL,Plantation,40.0,40.0,4.0,1.0,0.0,3.0,0.0,0.0,82934
223,FL,Port St. Lucie,20.0,20.0,4.0,4.0,2.0,0.0,0.0,0.0,88769
224,FL,Rotonda West,,,4.0,0.0,0.0,0.0,1.0,0.0,
225,FL,Ruskin,,,2.0,1.0,1.0,1.0,1.0,0.0,
226,FL,Sarasota,24.0,24.0,5.0,2.0,3.0,2.0,3.0,0.0,52715
227,FL,Sarasota Springs,,,2.0,0.0,3.0,2.0,0.0,0.0,
228,FL,Spring Hill,,,4.0,2.0,0.0,0.0,0.0,0.0,
229,FL,St. Petersburg,23.0,23.0,2.0,8.0,3.0,4.0,3.0,0.0,248232
230,FL,Tallahassee,24.0,24.0,10.0,11.0,2.0,6.0,1.0,1.0,150624
231,FL,Tampa,39.0,39.0,26.0,17.0,4.0,11.0,7.0,0.0,303447
232,FL,The Villages,,,8.0,0.0,0.0,1.0,1.0,0.0,
233,GA,Albany,16.0,16.0,11.0,11.0,1.0,4.0,2.0,1.0,76939
234,GA,Athens,,,3.0,0.0,0.0,2.0,0.0,0.0,
235,GA,Atlanta,47.0,47.0,42.0,47.0,11.0,24.0,4.0,3.0,386699
236,GA,Atlanta,47.0,47.0,42.0,47.0,11.0,24.0,4.0,3.0,29775
237,GA,Augusta,,,3.0,1.0,1.0,3.0,0.0,0.0,
238,GA,Buford,35.0,35.0,5.0,3.0,2.0,1.0,0.0,0.0,10566
239,GA,Buford,35.0,35.0,5.0,3.0,2.0,1.0,0.0,0.0,102
240,GA,Columbus,,,3.0,2.0,0.0,0.0,1.0,0.0,
241,GA,Conyers,18.0,18.0,5.0,2.0,1.0,1.0,1.0,0.0,10689
242,GA,Cordele,13.0,13.0,6.0,1.0,0.0,0.0,0.0,0.0,11608
243,GA,Covington,17.0,17.0,2.0,3.0,0.0,1.0,1.0,0.0,11547
244,GA,Dacula,43.0,43.0,6.0,1.0,1.0,4.0,0.0,0.0,3848
245,GA,Douglasville,29.0,29.0,4.0,0.0,1.0,0.0,0.0,0.0,20065
246,GA,Duluth,43.0,43.0,2.0,2.0,1.0,1.0,2.0,0.0,22122
247,GA,Forest Park,29.0,29.0,5.0,1.0,0.0,2.0,0.0,0.0,21447
248,GA,Johns Creek,,,1.0,1.0,3.0,0.0,0.0,0.0,
249,GA,Jonesboro,29.0,29.0,3.0,2.0,0.0,0.0,0.0,0.0,3829
250,GA,LaGrange,19.0,19.0,8.0,6.0,0.0,5.0,1.0,0.0,25998
251,GA,Lawrenceville,43.0,43.0,10.0,3.0,1.0,2.0,1.0,1.0,22397
252,GA,Lilburn,43.0,43.0,4.0,0.0,2.0,1.0,1.0,0.0,11307
253,GA,Loganville,30.0,30.0,2.0,0.0,1.0,2.0,0.0,0.0,4150
254,GA,Loganville,30.0,30.0,2.0,0.0,1.0,2.0,0.0,0.0,1285
255,GA,Macon,22.0,22.0,2.0,1.0,1.0,1.0,0.0,0.0,96777
256,GA,Macon,22.0,22.0,2.0,1.0,1.0,1.0,0.0,0.0,478
257,GA,Marietta,45.0,45.0,3.0,1.0,0.0,2.0,1.0,0.0,58748
258,GA,McDonough,24.0,24.0,5.0,2.0,2.0,4.0,0.0,0.0,8493
259,GA,Mountain Park,45.0,45.0,3.0,0.0,2.0,1.0,0.0,0.0,496
260,GA,Mountain Park,45.0,45.0,3.0,0.0,2.0,1.0,0.0,0.0,10
261,GA,Peachtree Corners,,,2.0,1.0,1.0,4.0,3.0,1.0,
262,GA,Porterdale,,,2.0,2.0,1.0,0.0,0.0,1.0,
263,GA,Rex,,,5.0,1.0,1.0,1.0,1.0,0.0,
264,GA,Riverdale,29.0,29.0,3.0,4.0,1.0,2.0,2.0,0.0,12478
265,GA,Sandy Springs,,,3.0,0.0,2.0,4.0,0.0,0.0,
266,GA,Snellville,43.0,43.0,6.0,1.0,2.0,5.0,1.0,0.0,15351
267,GA,Stockbridge,24.0,24.0,6.0,6.0,0.0,5.0,0.0,1.0,9853
268,GA,Sugar Hill,43.0,43.0,4.0,0.0,2.0,1.0,1.0,0.0,11399
269,GA,Suwanee,43.0,43.0,3.0,2.0,0.0,3.0,4.0,0.0,8725
270,GA,Tucker,,,0.0,0.0,3.0,2.0,0.0,0.0,
271,GA,Valdosta,20.0,20.0,1.0,3.0,0.0,2.0,0.0,0.0,43724
272,GA,Warner Robins,17.5,17.5,0.0,4.0,0.0,1.0,0.0,0.0,48787
273,GA,Warner Robins,17.5,17.5,0.0,4.0,0.0,1.0,0.0,0.0,17
274,HI,Honolulu,,,8.0,8.0,5.0,4.0,4.0,1.0,
275,HI,Kahului,,,4.0,2.0,0.0,0.0,3.0,0.0,
276,HI,Kihei,,,7.0,0.0,3.0,2.0,3.0,0.0,
277,HI,Napili,,,3.0,0.0,2.0,0.0,2.0,0.0,
278,HI,Pukalani,,,2.0,0.0,0.0,3.0,1.0,0.0,
279,HI,Wailuku,,,4.0,5.0,0.0,0.0,0.0,0.0,
280,IA,Ames,31.0,31.0,8.0,1.0,1.0,2.0,0.0,0.0,50731
281,IA,Ankeny,63.0,63.0,3.0,0.0,6.0,2.0,0.0,0.0,27117
282,IA,Bettendorf,36.0,36.0,4.0,4.0,0.0,2.0,0.0,0.0,31275
283,IA,Burlington,17.0,17.0,4.0,1.0,0.0,0.0,0.0,0.0,26839
284,IA,Carroll,21.0,21.0,2.0,2.0,0.0,1.0,0.0,0.0,10106
285,IA,Cedar Falls,37.0,37.0,4.0,3.0,0.0,3.0,1.0,0.0,36145
286,IA,Cedar Rapids,48.0,48.0,4.0,1.0,1.0,3.0,0.0,0.0,120758
287,IA,Council Bluffs,24.0,24.0,12.0,6.0,4.0,4.0,0.0,0.0,58268
288,IA,Davenport,36.0,36.0,3.0,5.0,1.0,4.0,2.0,0.0,98359
289,IA,Des Moines,63.0,63.0,19.0,8.0,4.0,15.0,1.0,0.0,198682
290,IA,Dubuque,24.0,24.0,4.0,1.0,0.0,2.0,0.0,0.0,57686
291,IA,Fort Dodge,27.0,27.0,5.0,1.0,0.0,0.0,0.0,2.0,25136
292,IA,Marshalltown,24.0,24.0,6.0,4.0,0.0,4.0,1.0,0.0,26009
293,IA,Mason City,27.0,27.0,3.0,2.0,0.0,0.0,1.0,0.0,29172
294,IA,Muscatine,27.0,27.0,4.0,2.0,0.0,1.0,0.0,0.0,22697
295,IA,Omaha,,,1.0,3.0,0.0,0.0,1.0,0.0,
296,IA,Sioux City,29.0,29.0,8.0,0.0,1.0,2.0,0.0,0.0,85013
297,IA,Sioux City,29.0,29.0,8.0,0.0,1.0,2.0,0.0,0.0,0
298,IA,Spirit Lake,25.0,25.0,3.0,2.0,0.0,0.0,0.0,0.0,4261
299,IA,Urbandale,48.5,48.5,0.0,3.0,3.0,0.0,0.0,0.0,28745
300,IA,Urbandale,48.5,48.5,0.0,3.0,3.0,0.0,0.0,0.0,327
301,IA,Waterloo,37.0,37.0,9.0,3.0,2.0,0.0,0.0,1.0,68747
302,IA,Waverly,21.0,21.0,3.0,2.0,0.0,0.0,0.0,0.0,8968
303,IA,West Des Moines,48.5,48.5,1.0,5.0,1.0,4.0,0.0,0.0,42525
304,IA,West Des Moines,48.5,48.5,1.0,5.0,1.0,4.0,0.0,0.0,3878
305,ID,Boise,,,23.0,10.0,6.0,7.0,6.0,1.0,
306,ID,Caldwell,21.0,21.0,2.0,1.0,1.0,1.0,0.0,0.0,25967
307,ID,Hailey,13.0,13.0,8.0,1.0,2.0,5.0,0.0,0.0,6200
308,ID,Idaho Falls,19.0,19.0,5.0,1.0,1.0,0.0,0.0,0.0,50730
309,ID,Ketchum,13.0,13.0,2.0,1.0,0.0,3.0,0.0,0.0,3003
310,ID,Kuna,24.0,24.0,3.0,0.0,0.0,3.0,0.0,0.0,5382
311,ID,Meridian,24.0,24.0,5.0,6.0,5.0,4.0,1.0,0.0,34919
312,ID,Mountain Home,13.0,13.0,3.0,4.0,0.0,1.0,0.0,0.0,11143
313,ID,Nampa,21.0,21.0,5.0,0.0,2.0,2.0,1.0,0.0,51867
314,ID,Pocatello,14.0,14.0,2.0,1.0,1.0,1.0,1.0,0.0,51442
315,ID,Pocatello,14.0,14.0,2.0,1.0,1.0,1.0,1.0,0.0,24
316,ID,Post Falls,19.0,19.0,3.0,0.0,1.0,1.0,0.0,1.0,17247
317,ID,Preston,9.0,9.0,3.0,1.0,1.0,0.0,0.0,0.0,4682
318,ID,Twin Falls,20.0,20.0,0.0,5.0,0.0,1.0,1.0,0.0,34469
319,IL,Alton,32.0,32.0,3.0,3.0,1.0,1.0,1.0,0.0,30496
320,IL,Arlington Heights,,,4.0,3.0,3.0,3.0,0.0,0.0,
321,IL,Aurora,38.25,39.0,4.0,0.0,0.0,1.0,0.0,0.0,100290
322,IL,Aurora,38.25,39.0,4.0,0.0,0.0,1.0,0.0,0.0,38905
323,IL,Aurora,38.25,39.0,4.0,0.0,0.0,1.0,0.0,0.0,2955
324,IL,Aurora,38.25,39.0,4.0,0.0,0.0,1.0,0.0,0.0,840
325,IL,Batavia,42.5,42.5,0.0,1.0,1.0,3.0,0.0,0.0,23866
326,IL,Batavia,42.5,42.5,0.0,1.0,1.0,3.0,0.0,0.0,0
327,IL,Belleville,26.0,26.0,2.0,1.0,1.0,2.0,1.0,0.0,41410
328,IL,Bloomington,34.0,34.0,9.0,5.0,0.0,9.0,0.0,0.0,64808
329,IL,Bourbonnais,,,3.0,1.0,0.0,2.0,0.0,0.0,
330,IL,Carbondale,20.0,20.0,2.0,3.0,1.0,1.0,1.0,0.0,20681
331,IL,Champaign,31.0,31.0,8.0,5.0,1.0,6.0,0.0,1.0,67518
332,IL,Chicago,64.5,64.5,101.0,61.0,14.0,58.0,15.0,3.0,2896014
333,IL,Chicago,64.5,64.5,101.0,61.0,14.0,58.0,15.0,3.0,2
334,IL,Crystal Lake,33.0,33.0,5.0,2.0,1.0,1.0,0.0,0.0,38000
335,IL,DeKalb,27.0,27.0,3.0,1.0,2.0,2.0,1.0,0.0,39018
336,IL,Decatur,26.0,26.0,8.0,2.0,1.0,0.0,1.0,0.0,81860
337,IL,Des Plaines,82.0,82.0,3.0,2.0,0.0,1.0,0.0,0.0,58720
338,IL,Dixon,13.0,13.0,4.0,3.0,1.0,1.0,2.0,1.0,15941
339,IL,East Peoria,30.0,30.0,1.0,1.0,1.0,2.0,0.0,0.0,22638
340,IL,Edwardsville,32.0,32.0,4.0,2.0,1.0,0.0,0.0,0.0,21491
341,IL,Elgin,60.0,60.0,5.0,3.0,1.0,2.0,1.0,0.0,74013
342,IL,Elgin,60.0,60.0,5.0,3.0,1.0,2.0,1.0,0.0,20474
343,IL,Elmhurst,64.5,64.5,1.0,1.0,1.0,2.0,1.0,0.0,42762
344,IL,Elmhurst,64.5,64.5,1.0,1.0,1.0,2.0,1.0,0.0,0
345,IL,Evanston,82.0,82.0,0.0,2.0,2.0,3.0,0.0,0.0,74239
346,IL,Galesburg,23.0,23.0,2.0,5.0,0.0,1.0,1.0,0.0,33706
347,IL,Geneva,38.0,38.0,3.0,0.0,0.0,3.0,0.0,0.0,19515
348,IL,Granite City,32.0,32.0,4.0,0.0,0.0,3.0,2.0,0.0,31301
349,IL,Hoffman Estates,,,1.0,0.0,0.0,4.0,0.0,0.0,
350,IL,Joliet,34.0,34.0,3.0,2.0,0.0,2.0,1.0,1.0,105597
351,IL,Joliet,34.0,34.0,3.0,2.0,0.0,2.0,1.0,1.0,624
352,IL,Lisle,,,1.0,1.0,1.0,2.0,0.0,0.0,
353,IL,Macomb,18.0,18.0,1.0,1.0,0.0,1.0,2.0,0.0,18558
354,IL,McHenry,33.0,33.0,1.0,2.0,1.0,1.0,0.0,0.0,21501
355,IL,Moline,28.0,28.0,4.0,0.0,0.0,3.0,0.0,0.0,43768
356,IL,Morris,23.0,23.0,2.0,2.0,1.0,0.0,0.0,0.0,11928
357,IL,Morton,,,1.0,3.0,2.0,2.0,0.0,0.0,
358,IL,Normal,,,2.0,0.0,1.0,2.0,0.0,0.0,
359,IL,O'Fallon,26.0,26.0,1.0,1.0,1.0,2.0,0.0,0.0,21910
360,IL,Oak Park,,,4.0,0.0,3.0,3.0,1.0,0.0,
361,IL,Ottawa,33.0,33.0,2.0,2.0,0.0,1.0,0.0,0.0,18307
362,IL,Palatine,,,2.0,1.0,0.0,4.0,1.0,0.0,
363,IL,Pekin,31.5,31.5,0.0,5.0,1.0,1.0,0.0,0.0,33857
364,IL,Pekin,31.5,31.5,0.0,5.0,1.0,1.0,0.0,0.0,0
365,IL,Peoria,33.0,33.0,12.0,5.0,1.0,10.0,1.0,0.0,112936
366,IL,Quincy,17.0,17.0,4.0,4.0,1.0,2.0,0.0,0.0,40366
367,IL,Rock Island,28.0,28.0,4.0,2.0,0.0,0.0,0.0,0.0,39684
368,IL,Rockford,31.0,31.0,4.0,4.0,1.0,4.0,0.0,0.0,150115
369,IL,Savoy,,,2.0,1.0,1.0,2.0,0.0,0.0,
370,IL,Schaumburg,,,2.0,2.0,0.0,1.0,1.0,0.0,
371,IL,South Elgin,,,3.0,2.0,1.0,0.0,0.0,0.0,
372,IL,Springfield,34.0,34.0,6.0,3.0,1.0,10.0,4.0,1.0,111454
373,IL,St. Charles,42.5,42.5,1.0,1.0,1.0,4.0,0.0,0.0,27727
374,IL,St. Charles,42.5,42.5,1.0,1.0,1.0,4.0,0.0,0.0,169
375,IL,Sterling,19.0,19.0,4.0,0.0,0.0,1.0,0.0,0.0,15451
376,IL,Sycamore,27.0,27.0,4.0,1.0,1.0,0.0,0.0,0.0,12020
377,IL,Urbana,31.0,31.0,5.0,2.0,0.0,4.0,0.0,0.0,36395
378,IL,Washington,30.0,30.0,2.0,1.0,1.0,2.0,0.0,0.0,10841
379,IL,Waterloo,13.0,13.0,5.0,1.0,0.0,0.0,0.0,0.0,7614
380,IL,Waukegan,40.0,40.0,3.0,0.0,0.0,1.0,1.0,0.0,87901
381,IL,Woodstock,33.0,33.0,2.0,2.0,0.0,2.0,0.0,0.0,20151
382,IN,Avon,,,4.0,1.0,0.0,1.0,0.0,0.0,
383,IN,Bloomington,15.0,15.0,7.0,3.0,1.0,3.0,0.0,0.0,69291
384,IN,Carmel,39.0,39.0,3.0,4.0,2.0,7.0,0.0,0.0,37733
385,IN,Crawfordsville,17.0,17.0,5.0,0.0,0.0,0.0,0.0,0.0,15243
386,IN,Crown Point,30.0,30.0,1.0,4.0,0.0,1.0,0.0,0.0,19806
387,IN,Elkhart,29.0,29.0,9.0,1.0,1.0,0.0,0.0,0.0,51874
388,IN,Evansville,15.0,15.0,5.0,4.0,1.0,1.0,0.0,0.0,121582
389,IN,Fishers,,,4.0,0.0,0.0,6.0,0.0,0.0,
390,IN,Fort Wayne,29.0,29.0,9.0,3.0,0.0,4.0,1.0,0.0,205727
391,IN,Gary,30.0,30.0,4.0,0.0,1.0,1.0,1.0,0.0,102746
392,IN,Goshen,29.0,29.0,2.0,3.0,0.0,0.0,0.0,0.0,29383
393,IN,Granger,,,5.0,1.0,1.0,2.0,4.0,0.0,
394,IN,Greenwood,27.0,27.0,4.0,0.0,0.0,1.0,0.0,0.0,36037
395,IN,Hammond,30.0,30.0,5.0,1.0,0.0,1.0,0.0,1.0,83048
396,IN,Indianapolis,,,40.0,17.0,7.0,22.0,7.0,2.0,
397,IN,La Porte,23.0,23.0,2.0,3.0,0.0,0.0,0.0,0.0,21621
398,IN,Lafayette,30.0,30.0,6.0,3.0,0.0,1.0,2.0,0.0,56397
399,IN,Merrillville,,,4.0,0.0,0.0,1.0,1.0,0.0,
400,IN,Michigan City,23.0,23.0,5.0,1.0,0.0,0.0,1.0,0.0,32900
401,IN,Mishawaka,27.0,27.0,4.0,3.0,0.0,2.0,4.0,0.0,46557
402,IN,Noblesville,39.0,39.0,3.0,1.0,0.0,0.0,1.0,0.0,28590
403,IN,Portage,27.0,27.0,1.0,3.0,1.0,2.0,1.0,1.0,33496
404,IN,Richmond,24.0,24.0,3.0,0.0,1.0,1.0,2.0,0.0,39124
405,IN,Schererville,,,6.0,1.0,1.0,3.0,2.0,0.0,
406,IN,South Bend,27.0,27.0,9.0,4.0,1.0,9.0,1.0,0.0,107789
407,IN,Terre Haute,19.0,19.0,6.0,2.0,1.0,2.0,1.0,0.0,59614
408,IN,Valparaiso,27.0,27.0,7.0,1.0,0.0,4.0,2.0,0.0,27428
409,IN,West Lafayette,30.0,30.0,3.0,2.0,0.0,1.0,0.0,1.0,28778
410,IN,Westfield,,,2.0,0.0,3.0,3.0,0.0,0.0,
411,KS,KCMO,,,5.0,2.0,0.0,1.0,2.0,0.0,
412,KS,Lawrence,20.0,20.0,7.0,0.0,0.0,3.0,3.0,0.0,80098
413,KS,Leawood,42.0,42.0,2.0,1.0,1.0,0.0,1.0,0.0,27656
414,KS,Manhattan,17.0,17.0,1.0,2.0,1.0,1.0,0.0,0.0,44828
415,KS,Manhattan,17.0,17.0,1.0,2.0,1.0,1.0,0.0,0.0,3
416,KS,Olathe,42.0,42.0,2.0,0.0,2.0,1.0,0.0,0.0,92962
417,KS,Overland Park,42.0,42.0,7.0,4.0,2.0,6.0,1.0,1.0,149080
418,KS,Salina,18.0,18.0,3.0,2.0,0.0,1.0,0.0,0.0,45679
419,KS,Topeka,23.0,23.0,5.0,1.0,1.0,2.0,1.0,0.0,122377
420,KS,Wichita,32.0,32.0,13.0,3.0,0.0,3.0,4.0,1.0,344284
421,KY,Bowling Green,24.0,24.0,6.0,1.0,3.0,0.0,0.0,0.0,49296
422,KY,Danville,12.0,12.0,8.0,1.0,1.0,1.0,0.0,0.0,15477
423,KY,Frankfort,14.0,14.0,7.0,2.0,0.0,4.0,1.0,0.0,27741
424,KY,Lexington,,,11.0,8.0,3.0,3.0,1.0,0.0,
425,KY,Louisville,28.0,28.0,19.0,10.0,5.0,8.0,3.0,0.0,256231
426,KY,Mount Sterling,10.0,10.0,4.0,1.0,1.0,1.0,0.0,0.0,5876
427,KY,Radcliff,16.0,16.0,2.0,1.0,0.0,1.0,1.0,0.0,21961
428,KY,Winchester,12.0,12.0,17.0,5.0,0.0,2.0,2.0,1.0,16724
429,LA,Baton Rouge,24.0,24.0,6.0,2.0,3.0,4.0,2.0,0.0,227818
430,LA,Bogalusa,14.0,14.0,3.0,2.0,0.0,0.0,0.0,0.0,13365
431,LA,Covington,25.0,25.0,1.0,0.0,3.0,0.0,1.0,0.0,8483
432,LA,Ferriday,,,3.0,2.0,0.0,1.0,0.0,0.0,
433,LA,Hammond,22.0,22.0,4.0,0.0,1.0,0.0,0.0,0.0,17639
434,LA,LaPlace,,,7.0,2.0,0.0,1.0,1.0,0.0,
435,LA,Lafayette,28.0,28.0,5.0,2.0,1.0,3.0,0.0,0.0,110257
436,LA,Mandeville,25.0,25.0,4.0,1.0,1.0,0.0,0.0,0.0,10489
437,LA,Metairie,,,3.0,0.0,0.0,2.0,0.0,0.0,
438,LA,Monroe,23.0,23.0,2.0,1.0,0.0,2.0,0.0,0.0,53107
439,LA,New Orleans,24.0,24.0,37.0,14.0,5.0,16.0,2.0,3.0,484674
440,LA,Prairieville,,,2.0,1.0,1.0,2.0,0.0,0.0,
441,LA,Reserve,,,1.0,3.0,0.0,1.0,0.0,0.0,
442,LA,Shreveport,19.0,19.0,1.0,1.0,2.0,1.0,1.0,0.0,199411
443,LA,Shreveport,19.0,19.0,1.0,1.0,2.0,1.0,1.0,0.0,734
444,LA,Slidell,25.0,25.0,6.0,2.0,0.0,0.0,0.0,0.0,25695
445,LA,Sun,,,5.0,0.0,0.0,0.0,0.0,0.0,
446,MA,Acton,,,2.0,0.0,0.0,2.0,1.0,0.0,
447,MA,Beverly,28.0,28.0,2.0,0.0,2.0,0.0,1.0,0.0,39862
448,MA,Boston,36.0,36.0,13.0,2.0,6.0,9.0,1.0,1.0,589141
449,MA,Cambridge,34.0,34.0,5.0,0.0,0.0,2.0,0.0,0.0,101355
450,MA,Fall River,20.0,20.0,3.0,1.0,0.0,1.0,0.0,0.0,91938
451,MA,Newton,34.0,34.0,2.0,0.0,0.0,2.0,1.0,2.0,83829
452,MA,Plymouth,,,2.0,1.0,1.0,2.0,0.0,0.0,
453,MA,Somerville,34.0,34.0,1.0,1.0,0.0,2.0,1.0,0.0,77478
454,MA,Springfield,25.0,25.0,1.0,1.0,0.0,2.0,1.0,0.0,152082
455,MA,Taunton,20.0,20.0,4.0,1.0,0.0,1.0,0.0,0.0,55976
456,MA,Woburn,34.0,34.0,2.0,2.0,0.0,2.0,0.0,0.0,37258
457,MD,Baltimore,31.0,31.0,8.0,2.0,4.0,5.0,2.0,2.0,651154
458,MD,Bethesda,,,2.0,0.0,1.0,3.0,0.0,1.0,
459,MD,Elkridge,,,1.0,1.0,1.0,2.0,0.0,0.0,
460,MD,Newark,,,1.0,2.0,0.0,1.0,1.0,0.0,
461,MD,Potomac,,,1.0,1.0,0.0,3.0,0.0,1.0,
462,MD,Washington,,,9.0,6.0,3.0,7.0,3.0,1.0,
463,ME,Auburn,19.0,19.0,1.0,1.0,1.0,3.0,0.0,0.0,23203
464,ME,Bangor,26.0,26.0,1.0,4.0,0.0,2.0,1.0,0.0,31473
465,ME,Biddeford,24.0,24.0,5.0,0.0,1.0,2.0,0.0,0.0,20942
466,ME,Brunswick,,,1.0,1.0,1.0,2.0,0.0,0.0,
467,ME,Falmouth,,,0.0,1.0,0.0,2.0,1.0,1.0,
468,ME,Lewiston,19.0,19.0,3.0,2.0,0.0,3.0,0.0,0.0,35690
469,ME,Portland,27.0,27.0,5.0,1.0,2.0,4.0,0.0,0.0,64249
470,ME,Westbrook,27.0,27.0,0.0,2.0,0.0,3.0,0.0,0.0,16142
471,ME,York,,,3.0,1.0,2.0,1.0,0.0,0.0,
472,MI,Alpena,12.0,12.0,11.0,1.0,0.0,2.0,3.0,0.0,11304
473,MI,Ann Arbor,31.0,31.0,2.0,7.0,1.0,1.0,2.0,0.0,114024
474,MI,Canton,,,3.0,1.0,0.0,2.0,0.0,0.0,
475,MI,Cassopolis,,,2.0,2.0,0.0,1.0,1.0,0.0,
476,MI,Clinton Township,,,4.0,0.0,0.0,1.0,0.0,0.0,
477,MI,Detroit,41.0,41.0,12.0,4.0,2.0,1.0,2.0,0.0,951270
478,MI,Dowagiac,14.0,14.0,3.0,1.0,1.0,1.0,0.0,0.0,6147
479,MI,East Lansing,30.5,30.5,3.0,0.0,3.0,3.0,2.0,0.0,46491
480,MI,East Lansing,30.5,30.5,3.0,0.0,3.0,3.0,2.0,0.0,34
481,MI,Escanaba,16.0,16.0,3.0,0.0,0.0,1.0,1.0,0.0,13140
482,MI,Forest Hills,,,1.0,2.0,1.0,3.0,0.0,0.0,
483,MI,Grand Rapids,41.0,41.0,11.0,5.0,0.0,6.0,3.0,0.0,197800
484,MI,Kalamazoo,36.0,36.0,2.0,2.0,0.0,1.0,0.0,0.0,77145
485,MI,Lansing,31.0,31.0,4.0,2.0,0.0,2.0,0.0,0.0,114321
486,MI,Lansing,31.0,31.0,4.0,2.0,0.0,2.0,0.0,0.0,4807
487,MI,Livonia,41.0,41.0,3.0,0.0,0.0,0.0,2.0,0.0,100545
488,MI,Marquette,15.0,15.0,3.0,0.0,0.0,1.0,1.0,0.0,19661
489,MI,Meridian charter Township,,,2.0,0.0,2.0,1.0,0.0,0.0,
490,MI,Niles,18.0,18.0,8.0,0.0,0.0,1.0,1.0,1.0,12199
491,MI,Niles,18.0,18.0,8.0,0.0,0.0,1.0,1.0,1.0,5
492,MI,Port Huron charter Township,,,5.0,0.0,1.0,0.0,0.0,0.0,
493,MI,Rochester Hills,48.0,48.0,2.0,1.0,0.0,2.0,0.0,0.0,68825
494,MI,Troy,48.0,48.0,10.0,8.0,2.0,4.0,2.0,1.0,80959
495,MI,Warren,26.0,26.0,5.0,0.0,0.0,1.0,0.0,0.0,138247
496,MI,Waterford Township,,,1.0,2.0,0.0,2.0,0.0,0.0,
497,MI,Wyoming,41.0,41.0,3.0,1.0,0.0,2.0,1.0,0.0,69368
498,MN,Albert Lea,19.0,19.0,4.0,7.0,1.0,0.0,0.0,0.0,18356
499,MN,Alexandria,17.0,17.0,0.0,3.0,0.0,1.0,0.0,1.0,8820
500,MN,Apple Valley,39.0,39.0,3.0,0.0,0.0,2.0,0.0,0.0,45527
501,MN,Austin,22.0,22.0,3.0,8.0,0.0,4.0,1.0,0.0,23314
502,MN,Duluth,28.0,28.0,3.0,1.0,0.0,4.0,3.0,0.0,86918
503,MN,Eden Prairie,46.0,46.0,5.0,1.0,0.0,1.0,0.0,0.0,54901
504,MN,Grand Rapids,18.0,18.0,4.0,1.0,0.0,0.0,0.0,0.0,7764
505,MN,Marshall,20.0,20.0,0.0,3.0,0.0,2.0,0.0,0.0,12735
506,MN,Minneapolis,46.0,46.0,57.0,53.0,10.0,25.0,10.0,1.0,382618
507,MN,Plymouth,46.0,46.0,3.0,0.0,0.0,2.0,0.0,0.0,65894
508,MN,Rochester,24.0,24.0,3.0,4.0,1.0,1.0,1.0,0.0,85806
509,MN,Saint Paul,,,8.0,4.0,0.0,4.0,0.0,0.0,
510,MN,St. Cloud,26.333333333333332,25.0,2.0,2.0,0.0,2.0,1.0,0.0,46734
511,MN,St. Cloud,26.333333333333332,25.0,2.0,2.0,0.0,2.0,1.0,0.0,6391
512,MN,St. Cloud,26.333333333333332,25.0,2.0,2.0,0.0,2.0,1.0,0.0,5982
513,MN,Winona,16.0,16.0,4.0,4.0,0.0,2.0,0.0,0.0,27069
514,MO,Affton,,,2.0,1.0,0.0,3.0,0.0,0.0,
515,MO,Ballwin,39.0,39.0,7.0,2.0,1.0,3.0,1.0,0.0,31283
516,MO,Branson,12.5,12.5,3.0,0.0,1.0,1.0,2.0,0.0,6050
517,MO,Branson,12.5,12.5,3.0,0.0,1.0,1.0,2.0,0.0,0
518,MO,Cape Girardeau,17.0,17.0,3.0,2.0,2.0,3.0,1.0,0.0,35349
519,MO,Cape Girardeau,17.0,17.0,3.0,2.0,2.0,3.0,1.0,0.0,0
520,MO,Chesterfield,39.0,39.0,3.0,0.0,3.0,6.0,3.0,1.0,46802
521,MO,Clayton,39.0,39.0,2.0,2.0,1.0,2.0,1.0,0.0,12825
522,MO,Columbia,24.0,24.0,7.0,3.0,4.0,19.0,1.0,0.0,84531
523,MO,Concord,,,1.0,2.0,0.0,2.0,0.0,0.0,
524,MO,Creve Coeur,39.0,39.0,1.0,2.0,0.0,3.0,0.0,1.0,16500
525,MO,Ellisville,39.0,39.0,1.0,0.0,1.0,2.0,1.0,0.0,9104
526,MO,Farmington,15.0,15.0,4.0,2.0,1.0,1.0,0.0,0.0,13924
527,MO,Florissant,39.0,39.0,7.0,1.0,2.0,0.0,1.0,0.0,50497
528,MO,Hazelwood,39.0,39.0,3.0,1.0,2.0,0.0,1.0,0.0,26206
529,MO,Independence,37.0,37.0,6.0,0.0,0.0,2.0,2.0,0.0,113288
530,MO,Independence,37.0,37.0,6.0,0.0,0.0,2.0,2.0,0.0,0
531,MO,Jefferson City,19.0,19.0,9.0,1.0,0.0,6.0,1.0,0.0,39611
532,MO,Jefferson City,19.0,19.0,9.0,1.0,0.0,6.0,1.0,0.0,25
533,MO,KCMO,,,33.0,3.0,7.0,22.0,6.0,0.0,
534,MO,Kirksville,13.0,13.0,2.0,1.0,0.0,1.0,1.0,0.0,16988
535,MO,Kirkwood,39.0,39.0,3.0,0.0,1.0,5.0,0.0,0.0,27324
536,MO,Lee's Summit,35.0,35.0,3.0,0.0,1.0,5.0,1.0,0.0,69520
537,MO,Lee's Summit,35.0,35.0,3.0,0.0,1.0,5.0,1.0,0.0,1180
538,MO,Manchester,39.0,39.0,2.0,0.0,0.0,3.0,0.0,0.0,19161
539,MO,Maryland Heights,39.0,39.0,2.0,0.0,0.0,4.0,0.0,0.0,25756
540,MO,Mehlville,,,3.0,0.0,0.0,2.0,1.0,0.0,
541,MO,O'Fallon,28.0,28.0,7.0,3.0,5.0,4.0,0.0,0.0,46169
542,MO,Oakville,,,2.0,1.0,0.0,2.0,0.0,0.0,
543,MO,Old Jamestown,,,1.0,1.0,0.0,2.0,1.0,0.0,
544,MO,Rolla,16.0,16.0,4.0,4.0,0.0,0.0,0.0,0.0,16367
545,MO,Saint Charles,,,5.0,3.0,2.0,3.0,0.0,0.0,
546,MO,Springfield,25.5,25.5,8.0,5.0,1.0,7.0,2.0,1.0,151576
547,MO,Springfield,25.5,25.5,8.0,5.0,1.0,7.0,2.0,1.0,4
548,MO,St. Louis,27.0,27.0,67.0,53.0,15.0,50.0,6.0,4.0,348189
549,MO,St. Peters,28.0,28.0,6.0,4.0,4.0,4.0,0.0,0.0,51381
550,MO,University City,39.0,39.0,1.0,1.0,0.0,5.0,0.0,1.0,37428
551,MO,Valley Park,39.0,39.0,2.0,0.0,1.0,2.0,0.0,0.0,6518
552,MO,Warrensburg,18.0,18.0,2.0,0.0,1.0,1.0,1.0,0.0,16340
553,MO,Webster Groves,39.0,39.0,0.0,3.0,0.0,5.0,0.0,0.0,23230
554,MO,Wentzville,28.0,28.0,2.0,1.0,1.0,2.0,0.0,0.0,6896
555,MO,Wildwood,39.0,39.0,4.0,1.0,1.0,4.0,0.0,1.0,32884
556,MS,Batesville,9.0,9.0,5.0,7.0,0.0,6.0,1.0,0.0,7113
557,MS,Biloxi,21.0,21.0,2.0,2.0,1.0,0.0,0.0,0.0,50644
558,MS,Brandon,18.0,18.0,5.0,0.0,0.0,2.0,1.0,0.0,16436
559,MS,Brookhaven,12.0,12.0,4.0,0.0,1.0,0.0,1.0,0.0,9861
560,MS,Carriere,,,4.0,3.0,1.0,1.0,0.0,0.0,
561,MS,Cleveland,15.0,15.0,3.0,2.0,0.0,1.0,0.0,0.0,13841
562,MS,Columbus,15.0,15.0,2.0,1.0,1.0,1.0,0.0,0.0,25944
563,MS,Flowood,18.0,18.0,3.0,2.0,1.0,3.0,0.0,0.0,4750
564,MS,Gulfport,21.0,21.0,3.0,1.0,0.0,2.0,0.0,0.0,71127
565,MS,Hattiesburg,16.5,16.5,3.0,2.0,0.0,2.0,0.0,0.0,42475
566,MS,Hattiesburg,16.5,16.5,3.0,2.0,0.0,2.0,0.0,0.0,2304
567,MS,Jackson,18.333333333333332,18.0,33.0,28.0,6.0,9.0,9.0,2.0,183723
568,MS,Jackson,18.333333333333332,18.0,33.0,28.0,6.0,9.0,9.0,2.0,533
569,MS,Jackson,18.333333333333332,18.0,33.0,28.0,6.0,9.0,9.0,2.0,0
570,MS,Natchez,12.0,12.0,9.0,3.0,1.0,0.0,1.0,0.0,18464
571,MS,Oxford,13.0,13.0,9.0,2.0,0.0,5.0,3.0,0.0,11756
572,MS,Picayune,14.0,14.0,16.0,6.0,0.0,1.0,3.0,2.0,10535
573,MS,Tupelo,14.0,14.0,1.0,1.0,1.0,2.0,0.0,0.0,34211
574,MS,Vicksburg,14.0,14.0,10.0,3.0,2.0,2.0,2.0,2.0,26407
575,MT,Billings,22.0,22.0,9.0,3.0,1.0,5.0,0.0,1.0,89847
576,MT,Bozeman,18.0,18.0,3.0,2.0,1.0,0.0,0.0,0.0,27509
577,MT,Butte,,,3.0,3.0,1.0,3.0,0.0,0.0,
578,MT,Great Falls,19.0,19.0,4.0,5.0,2.0,2.0,0.0,0.0,56690
579,MT,Havre,10.0,10.0,6.0,2.0,0.0,2.0,0.0,0.0,9621
580,MT,Helena,16.0,16.0,2.0,2.0,0.0,2.0,0.0,0.0,25780
581,MT,Laurel,22.0,22.0,2.0,1.0,0.0,0.0,2.0,0.0,6255
582,MT,Missoula,19.0,19.0,5.0,8.0,0.0,3.0,1.0,0.0,57053
583,NC,Ahoskie,,,6.0,2.0,0.0,1.0,0.0,0.0,
584,NC,Asheboro,15.0,15.0,1.0,3.0,0.0,1.0,0.0,0.0,21672
585,NC,Cary,,,2.0,0.0,1.0,6.0,0.0,0.0,
586,NC,Charlotte,44.0,44.0,27.0,23.0,6.0,15.0,6.0,2.0,540828
587,NC,Clemmons,,,4.0,1.0,1.0,4.0,0.0,0.0,
588,NC,Concord,18.0,18.0,5.0,1.0,0.0,1.0,0.0,0.0,55977
589,NC,Dunn,12.0,12.0,6.0,1.0,0.0,0.0,0.0,0.0,9196
590,NC,Durham,25.333333333333332,27.0,8.0,3.0,5.0,10.0,1.0,0.0,186996
591,NC,Durham,25.333333333333332,27.0,8.0,3.0,5.0,10.0,1.0,0.0,39
592,NC,Durham,25.333333333333332,27.0,8.0,3.0,5.0,10.0,1.0,0.0,0
593,NC,Eden,11.0,11.0,8.0,1.0,0.0,1.0,0.0,0.0,15908
594,NC,Fayetteville,15.0,15.0,6.0,3.0,0.0,4.0,1.0,0.0,121015
595,NC,Greensboro,29.0,29.0,21.0,12.0,2.0,17.0,7.0,0.0,223891
596,NC,Greenville,11.0,11.0,10.0,9.0,2.0,8.0,2.0,0.0,60476
597,NC,Hickory,16.0,16.0,8.0,5.0,0.0,2.0,2.0,0.0,37145
598,NC,Hickory,16.0,16.0,8.0,5.0,0.0,2.0,2.0,0.0,63
599,NC,Hickory,16.0,16.0,8.0,5.0,0.0,2.0,2.0,0.0,14
600,NC,High Point,21.25,20.5,11.0,5.0,2.0,4.0,1.0,0.0,84656
601,NC,High Point,21.25,20.5,11.0,5.0,2.0,4.0,1.0,0.0,1163
602,NC,High Point,21.25,20.5,11.0,5.0,2.0,4.0,1.0,0.0,14
603,NC,High Point,21.25,20.5,11.0,5.0,2.0,4.0,1.0,0.0,6
604,NC,Jacksonville,10.0,10.0,4.0,5.0,1.0,0.0,1.0,0.0,66715
605,NC,Kannapolis,17.0,17.0,6.0,2.0,1.0,3.0,0.0,0.0,27890
606,NC,Kannapolis,17.0,17.0,6.0,2.0,1.0,3.0,0.0,0.0,9020
607,NC,Kernersville,,,1.0,2.0,0.0,3.0,0.0,0.0,
608,NC,Landis,,,3.0,3.0,2.0,1.0,0.0,0.0,
609,NC,Lewisville,,,2.0,1.0,0.0,2.0,0.0,0.0,
610,NC,Lexington,17.0,17.0,2.0,1.0,0.0,1.0,0.0,1.0,19953
611,NC,Marion,17.0,17.0,7.0,1.0,0.0,2.0,1.0,0.0,4943
612,NC,Mebane,17.0,17.0,1.0,1.0,0.0,3.0,0.0,0.0,6609
613,NC,Mebane,17.0,17.0,1.0,1.0,0.0,3.0,0.0,0.0,675
614,NC,Mooresville,,,3.0,1.0,2.0,2.0,0.0,0.0,
615,NC,Morganton,17.0,17.0,5.0,0.0,1.0,0.0,0.0,0.0,17310
616,NC,Newton,16.0,16.0,2.0,2.0,1.0,0.0,0.0,0.0,12560
617,NC,Oak Ridge,,,1.0,1.0,2.0,2.0,0.0,0.0,
618,NC,Raleigh,29.0,29.0,53.0,45.0,5.0,19.0,6.0,2.0,276093
619,NC,Raleigh,29.0,29.0,53.0,45.0,5.0,19.0,6.0,2.0,0
620,NC,Reidsville,11.0,11.0,1.0,2.0,0.0,1.0,2.0,0.0,14485
621,NC,River Road,,,4.0,3.0,0.0,2.0,0.0,0.0,
622,NC,Roxboro,11.0,11.0,2.0,4.0,0.0,0.0,0.0,0.0,8696
623,NC,Salisbury,16.0,16.0,25.0,12.0,1.0,3.0,3.0,0.0,26462
624,NC,Statesville,20.0,20.0,12.0,10.0,0.0,0.0,1.0,0.0,23320
625,NC,Thomasville,16.0,16.0,6.0,2.0,0.0,0.0,1.0,0.0,19788
626,NC,Thomasville,16.0,16.0,6.0,2.0,0.0,0.0,1.0,0.0,0
627,NC,Washington,12.0,12.0,7.0,3.0,0.0,1.0,1.0,0.0,9583
628,NC,Wilmington,17.0,17.0,7.0,2.0,1.0,2.0,1.0,0.0,75838
629,NC,Wilson,11.0,11.0,11.0,14.0,4.0,5.0,3.0,0.0,44405
630,NC,Winston,,,27.0,9.0,1.0,8.0,4.0,0.0,
631,ND,Bismarck,13.0,13.0,5.0,8.0,0.0,5.0,0.0,0.0,55532
632,ND,Fargo,20.0,20.0,5.0,6.0,1.0,2.0,1.0,0.0,90599
633,ND,Minot,12.0,12.0,3.0,5.0,2.0,3.0,4.0,0.0,36567
634,ND,Williston,11.0,11.0,3.0,0.0,0.0,2.0,1.0,0.0,12512
635,NE,Cozad,20.0,20.0,4.0,1.0,0.0,1.0,0.0,0.0,4163
636,NE,Fremont,18.0,18.0,4.0,4.0,1.0,0.0,1.0,0.0,25174
637,NE,Grand Island,30.0,30.0,3.0,6.0,0.0,1.0,1.0,0.0,42940
638,NE,Hastings,18.0,18.0,1.0,4.0,0.0,1.0,0.0,0.0,24064
639,NE,Kearney,21.0,21.0,3.0,5.0,0.0,1.0,0.0,0.0,27431
640,NE,Lincoln,25.0,25.0,8.0,15.0,0.0,10.0,6.0,1.0,225581
641,NE,Norfolk,18.0,18.0,7.0,5.0,0.0,2.0,1.0,0.0,23516
642,NE,North Platte,24.0,24.0,0.0,5.0,0.0,0.0,1.0,0.0,23878
643,NE,Omaha,28.0,28.0,35.0,22.0,6.0,21.0,3.0,0.0,390007
644,NE,Scottsbluff,18.0,18.0,2.0,3.0,0.0,2.0,0.0,0.0,14732
645,NE,York,20.0,20.0,1.0,6.0,1.0,2.0,1.0,0.0,8081
646,NJ,Atlantic City,17.0,17.0,2.0,0.0,0.0,1.0,2.0,0.0,40517
647,NJ,Brick Township,,,4.0,1.0,0.0,0.0,0.0,0.0,
648,NJ,Cherry Hill,,,3.0,1.0,1.0,1.0,0.0,0.0,
649,NJ,Clifton,29.0,29.0,6.0,1.0,0.0,4.0,1.0,0.0,78672
650,NJ,Deptford Township,,,1.0,2.0,0.0,1.0,1.0,0.0,
651,NJ,East Brunswick,,,2.0,0.0,0.0,2.0,1.0,0.0,
652,NJ,Edison,,,2.0,0.0,0.0,2.0,1.0,0.0,
653,NJ,Egg Harbor Township,,,4.0,2.0,0.0,2.0,1.0,0.0,
654,NJ,Fair Lawn,,,3.0,2.0,0.0,1.0,0.0,0.0,
655,NJ,Franklin Township,,,3.0,1.0,0.0,0.0,0.0,1.0,
656,NJ,Galloway,,,3.0,0.0,1.0,3.0,1.0,0.0,
657,NJ,Hamilton Township,,,5.0,4.0,2.0,4.0,1.0,0.0,
658,NJ,Jersey City,33.0,33.0,2.0,1.0,2.0,6.0,0.0,0.0,240055
659,NJ,Lakewood Township,,,2.0,1.0,0.0,2.0,0.0,0.0,
660,NJ,Little Egg Harbor Township,,,2.0,1.0,1.0,2.0,1.0,0.0,
661,NJ,Monroe Township,,,1.0,1.0,1.0,2.0,0.0,0.0,
662,NJ,Newark,40.0,40.0,6.0,1.0,1.0,4.0,1.0,0.0,273546
663,NJ,Parsippany,,,3.0,2.0,0.0,1.0,0.0,0.0,
664,NJ,Princeton,,,1.0,0.0,2.0,1.0,1.0,0.0,
665,NJ,Roxbury Township,,,3.0,1.0,0.0,0.0,1.0,0.0,
666,NJ,Secaucus,,,3.0,0.0,2.0,2.0,0.0,0.0,
667,NJ,Somers Point,17.0,17.0,3.0,1.0,0.0,0.0,1.0,0.0,11614
668,NJ,Stafford Township,,,5.0,0.0,1.0,1.0,0.0,0.0,
669,NJ,Toms River,,,4.0,0.0,0.0,1.0,3.0,0.0,
670,NJ,Vineland,16.0,16.0,3.0,1.0,0.0,2.0,2.0,0.0,56271
671,NJ,Washington Township,,,3.0,0.0,0.0,2.0,3.0,0.0,
672,NM,Albuquerque,36.0,36.0,58.0,19.0,10.0,35.0,5.0,5.0,448607
673,NM,Belen,15.0,15.0,1.0,2.0,0.0,2.0,0.0,0.0,6901
674,NM,Clovis,11.0,11.0,6.0,2.0,0.0,0.0,1.0,0.0,32667
675,NM,Las Cruces,20.0,20.0,11.0,6.0,1.0,8.0,1.0,1.0,74267
676,NM,Los Alamos,,,3.0,0.0,1.0,1.0,0.0,0.0,
677,NM,Rio Rancho,28.5,28.5,6.0,1.0,3.0,4.0,1.0,0.0,51765
678,NM,Rio Rancho,28.5,28.5,6.0,1.0,3.0,4.0,1.0,0.0,0
679,NM,Roswell,15.0,15.0,4.0,1.0,0.0,0.0,0.0,0.0,45293
680,NM,Santa Fe,23.0,23.0,12.0,4.0,3.0,6.0,3.0,0.0,62203
681,NV,Carson City,,,14.0,4.0,0.0,5.0,1.0,0.0,
682,NV,Dayton,,,3.0,3.0,0.0,0.0,0.0,0.0,
683,NV,Elko,17.0,17.0,3.0,4.0,0.0,0.0,0.0,0.0,16708
684,NV,Gardnerville Ranchos,,,6.0,4.0,1.0,0.0,1.0,0.0,
685,NV,Incline Village,,,5.0,1.0,3.0,1.0,1.0,0.0,
686,NV,Johnson Lane,,,5.0,0.0,0.0,0.0,0.0,0.0,
687,NV,Kingsbury,,,2.0,0.0,1.0,1.0,1.0,0.0,
688,NV,Las Vegas,45.0,45.0,6.0,0.0,0.0,1.0,1.0,0.0,478434
689,NV,Paradise,,,2.0,0.0,1.0,0.0,2.0,0.0,
690,NV,Reno,27.0,27.0,15.0,17.0,7.0,8.0,2.0,1.0,180480
691,NV,Sparks,27.0,27.0,3.0,0.0,0.0,2.0,0.0,0.0,66346
692,NY,Albany,26.0,26.0,1.0,2.0,0.0,6.0,0.0,0.0,95658
693,NY,Auburn,15.0,15.0,11.0,6.0,2.0,3.0,0.0,1.0,28574
694,NY,Ballston,,,2.0,0.0,0.0,3.0,1.0,0.0,
695,NY,Buffalo,29.0,29.0,4.0,2.0,1.0,1.0,0.0,0.0,292648
696,NY,Cheektowaga,,,1.0,2.0,0.0,2.0,0.0,0.0,
697,NY,Dansville,,,1.0,3.0,0.0,1.0,0.0,0.0,
698,NY,Fredonia,,,3.0,1.0,0.0,1.0,1.0,0.0,
699,NY,Getzville,,,1.0,1.0,0.0,3.0,1.0,0.0,
700,NY,Irondequoit,,,2.0,0.0,0.0,3.0,0.0,0.0,
701,NY,Jamestown,18.0,18.0,7.0,1.0,1.0,1.0,1.0,0.0,31730
702,NY,Lake Placid,,,2.0,1.0,0.0,2.0,0.0,0.0,
703,NY,Massena,,,2.0,1.0,0.0,3.0,0.0,0.0,
704,NY,New Paltz,,,2.0,1.0,0.0,2.0,0.0,0.0,
705,NY,New York,32.8,30.0,109.0,37.0,19.0,100.0,23.0,4.0,2465326
706,NY,New York,32.8,30.0,109.0,37.0,19.0,100.0,23.0,4.0,2229379
707,NY,New York,32.8,30.0,109.0,37.0,19.0,100.0,23.0,4.0,1537195
708,NY,New York,32.8,30.0,109.0,37.0,19.0,100.0,23.0,4.0,1332650
709,NY,New York,32.8,30.0,109.0,37.0,19.0,100.0,23.0,4.0,443728
710,NY,Queensbury,,,2.0,4.0,0.0,0.0,1.0,0.0,
711,NY,Rochester,24.0,24.0,5.0,1.0,0.0,4.0,1.0,0.0,219773
712,NY,Saranac Lake,,,3.0,1.0,0.0,1.0,1.0,0.0,
713,NY,Saratoga Springs,19.0,19.0,5.0,1.0,0.0,0.0,0.0,0.0,26186
714,NY,Schenectady,20.0,20.0,2.0,0.0,1.0,2.0,0.0,0.0,61821
715,NY,Syracuse,25.0,25.0,1.0,2.0,0.0,3.0,1.0,0.0,147306
716,NY,Watertown,13.0,13.0,6.0,0.0,1.0,2.0,0.0,0.0,26705
717,OH,Akron,34.0,34.0,4.0,4.0,0.0,2.0,0.0,0.0,217074
718,OH,Ashville,,,4.0,0.0,0.0,0.0,1.0,0.0,
719,OH,Athens,16.0,16.0,8.0,0.0,0.0,1.0,0.0,0.0,21342
720,OH,Beckett Ridge,,,1.0,4.0,2.0,1.0,0.0,0.0,
721,OH,Boardman,,,7.0,0.0,1.0,1.0,1.0,0.0,
722,OH,Canton,27.0,27.0,2.0,1.0,0.0,5.0,0.0,0.0,80806
723,OH,Centerville,31.0,31.0,6.0,1.0,0.0,0.0,0.0,0.0,23024
724,OH,Chillicothe,20.0,20.0,5.0,1.0,0.0,0.0,0.0,0.0,21796
725,OH,Cincinnati,32.0,32.0,23.0,19.0,2.0,15.0,5.0,2.0,331285
726,OH,Circleville,16.0,16.0,3.0,1.0,0.0,1.0,0.0,0.0,13485
727,OH,Cleveland,46.0,46.0,7.0,5.0,1.0,11.0,2.0,0.0,478403
728,OH,Clyde,18.0,18.0,2.0,1.0,0.0,1.0,1.0,0.0,6064
729,OH,Columbus,30.666666666666668,28.0,31.0,17.0,8.0,25.0,4.0,1.0,702132
730,OH,Columbus,30.666666666666668,28.0,31.0,17.0,8.0,25.0,4.0,1.0,7447
731,OH,Columbus,30.666666666666668,28.0,31.0,17.0,8.0,25.0,4.0,1.0,1891
732,OH,Dayton,31.0,31.0,2.0,1.0,2.0,4.0,0.0,0.0,166179
733,OH,Defiance,25.0,25.0,2.0,2.0,1.0,0.0,1.0,0.0,16465
734,OH,Dublin,33.333333333333336,28.0,2.0,0.0,1.0,1.0,1.0,0.0,27087
735,OH,Dublin,33.333333333333336,28.0,2.0,0.0,1.0,1.0,1.0,0.0,4283
736,OH,Dublin,33.333333333333336,28.0,2.0,0.0,1.0,1.0,1.0,0.0,22
737,OH,East Liverpool,14.0,14.0,4.0,0.0,0.0,1.0,1.0,0.0,13089
738,OH,Findlay,27.0,27.0,4.0,2.0,1.0,1.0,1.0,0.0,38967
739,OH,Fostoria,25.0,27.0,5.0,3.0,0.0,0.0,1.0,0.0,10035
740,OH,Fostoria,25.0,27.0,5.0,3.0,0.0,0.0,1.0,0.0,3054
741,OH,Fostoria,25.0,27.0,5.0,3.0,0.0,0.0,1.0,0.0,842
742,OH,Fremont,18.0,18.0,4.0,0.0,1.0,1.0,1.0,0.0,17375
743,OH,Green,34.0,34.0,3.0,0.0,0.0,1.0,1.0,0.0,22817
744,OH,Greenville,24.0,24.0,2.0,2.0,0.0,0.0,2.0,0.0,13294
745,OH,Ironton,14.0,14.0,6.0,0.0,3.0,1.0,1.0,0.0,11211
746,OH,Kent,25.0,25.0,1.0,1.0,1.0,2.0,0.0,0.0,27906
747,OH,Lakewood,46.0,46.0,2.0,0.0,1.0,1.0,1.0,1.0,56646
748,OH,Lancaster,20.0,20.0,3.0,2.0,0.0,1.0,0.0,0.0,35335
749,OH,Logan,12.0,12.0,6.0,6.0,0.0,1.0,0.0,0.0,6704
750,OH,Loveland,24.0,23.0,1.0,3.0,1.0,3.0,0.0,0.0,9561
751,OH,Loveland,24.0,23.0,1.0,3.0,1.0,3.0,0.0,0.0,1835
752,OH,Loveland,24.0,23.0,1.0,3.0,1.0,3.0,0.0,0.0,281
753,OH,Mansfield,25.0,25.0,2.0,2.0,1.0,1.0,1.0,0.0,49346
754,OH,Marion,23.0,23.0,5.0,1.0,0.0,0.0,0.0,0.0,35318
755,OH,Mason,23.0,23.0,4.0,2.0,0.0,1.0,0.0,0.0,22016
756,OH,Medina,24.0,24.0,2.0,2.0,1.0,0.0,0.0,0.0,25139
757,OH,Miamisburg,31.0,31.0,4.0,0.0,0.0,2.0,0.0,0.0,19489
758,OH,Nelsonville,16.0,16.0,4.0,1.0,0.0,0.0,1.0,0.0,5230
759,OH,Painesville,23.0,23.0,2.0,1.0,0.0,2.0,1.0,0.0,17503
760,OH,Perrysburg,28.0,28.0,1.0,2.0,2.0,1.0,1.0,0.0,16945
761,OH,Salem,14.0,14.0,6.0,1.0,3.0,1.0,0.0,0.0,12197
762,OH,Springboro,27.0,27.0,0.0,2.0,1.0,1.0,1.0,0.0,12227
763,OH,Springboro,27.0,27.0,0.0,2.0,1.0,1.0,1.0,0.0,153
764,OH,Stow,34.0,34.0,2.0,2.0,0.0,1.0,1.0,0.0,32139
765,OH,Tiffin,20.0,20.0,11.0,4.0,1.0,3.0,3.0,1.0,18135
766,OH,Toledo,37.0,37.0,6.0,2.0,1.0,4.0,0.0,0.0,313619
767,OH,Waverly,,,2.0,1.0,0.0,2.0,0.0,0.0,
768,OH,Wooster,20.0,20.0,3.0,0.0,0.0,1.0,2.0,0.0,24811
769,OH,Youngstown,20.5,20.5,4.0,2.0,0.0,0.0,0.0,0.0,82026
770,OH,Youngstown,20.5,20.5,4.0,2.0,0.0,0.0,0.0,0.0,0
771,OH,Zanesville,18.0,18.0,6.0,1.0,1.0,0.0,0.0,0.0,25586
772,OK,Broken Arrow,27.0,27.0,10.0,3.0,1.0,2.0,0.0,0.0,67791
773,OK,Broken Arrow,27.0,27.0,10.0,3.0,1.0,2.0,0.0,0.0,7068
774,OK,Collinsville,29.0,29.0,4.0,4.0,0.0,0.0,0.0,0.0,4072
775,OK,Collinsville,29.0,29.0,4.0,4.0,0.0,0.0,0.0,0.0,5
776,OK,Edmond,34.0,34.0,3.0,1.0,0.0,1.0,0.0,0.0,68315
777,OK,Norman,22.0,22.0,3.0,1.0,0.0,1.0,3.0,0.0,95694
778,OK,Oklahoma City,24.5,22.5,24.0,19.0,7.0,26.0,5.0,0.0,432498
779,OK,Oklahoma City,24.5,22.5,24.0,19.0,7.0,26.0,5.0,0.0,47271
780,OK,Oklahoma City,24.5,22.5,24.0,19.0,7.0,26.0,5.0,0.0,26311
781,OK,Oklahoma City,24.5,22.5,24.0,19.0,7.0,26.0,5.0,0.0,52
782,OK,Owasso,29.0,29.0,8.0,2.0,3.0,1.0,3.0,0.0,18502
783,OK,Owasso,29.0,29.0,8.0,2.0,3.0,1.0,3.0,0.0,0
784,OK,Sand Springs,31.5,31.5,3.0,3.0,0.0,2.0,0.0,0.0,17172
785,OK,Sand Springs,31.5,31.5,3.0,3.0,0.0,2.0,0.0,0.0,279
786,OK,Tulsa,27.333333333333332,24.0,35.0,32.0,5.0,22.0,9.0,0.0,387419
787,OK,Tulsa,27.333333333333332,24.0,35.0,32.0,5.0,22.0,9.0,0.0,5630
788,OK,Tulsa,27.333333333333332,24.0,35.0,32.0,5.0,22.0,9.0,0.0,0
789,OR,Albany,18.5,18.5,11.0,2.0,1.0,4.0,2.0,0.0,35748
790,OR,Albany,18.5,18.5,11.0,2.0,1.0,4.0,2.0,0.0,5104
791,OR,Beaverton,30.0,30.0,4.0,0.0,1.0,4.0,2.0,0.0,76129
792,OR,Bend,20.0,20.0,8.0,1.0,2.0,0.0,0.0,0.0,52029
793,OR,Boardman,9.0,9.0,3.0,1.0,1.0,0.0,0.0,0.0,2855
794,OR,Corvallis,15.0,15.0,10.0,0.0,1.0,5.0,1.0,0.0,49322
795,OR,Eugene,29.0,29.0,6.0,3.0,0.0,2.0,2.0,0.0,137893
796,OR,Grants Pass,14.0,14.0,2.0,3.0,1.0,0.0,0.0,0.0,23003
797,OR,Hillsboro,30.0,30.0,1.0,2.0,1.0,2.0,0.0,0.0,70186
798,OR,Lebanon,22.0,22.0,3.0,1.0,1.0,0.0,2.0,0.0,12950
799,OR,Portland,32.0,30.0,37.0,18.0,5.0,9.0,7.0,2.0,526986
800,OR,Portland,32.0,30.0,37.0,18.0,5.0,9.0,7.0,2.0,1388
801,OR,Portland,32.0,30.0,37.0,18.0,5.0,9.0,7.0,2.0,747
802,OR,Salem,25.0,25.0,10.0,8.0,2.0,9.0,0.0,0.0,119040
803,OR,Salem,25.0,25.0,10.0,8.0,2.0,9.0,0.0,0.0,17884
804,PA,Altoona,23.0,23.0,7.0,2.0,0.0,1.0,2.0,0.0,49523
805,PA,Ardmore,,,4.0,0.0,0.0,2.0,1.0,0.0,
806,PA,Bellefonte,,,0.0,2.0,1.0,2.0,0.0,0.0,
807,PA,Bethlehem,28.5,28.5,1.0,1.0,1.0,1.0,1.0,0.0,52300
808,PA,Bethlehem,28.5,28.5,1.0,1.0,1.0,1.0,1.0,0.0,19029
809,PA,Carbondale,25.0,25.0,4.0,0.0,0.0,0.0,1.0,0.0,9804
810,PA,Chambersburg,,,4.0,1.0,1.0,0.0,1.0,0.0,
811,PA,Chevy Chase Heights,,,1.0,1.0,1.0,1.0,1.0,0.0,
812,PA,Danville,,,4.0,3.0,0.0,1.0,0.0,0.0,
813,PA,Hazleton,24.0,24.0,18.0,8.0,0.0,6.0,5.0,0.0,23329
814,PA,Huntingdon,,,1.0,3.0,0.0,1.0,0.0,0.0,
815,PA,Indiana,,,4.0,1.0,0.0,3.0,0.0,0.0,
816,PA,Lancaster,37.0,37.0,5.0,3.0,0.0,0.0,0.0,0.0,56348
817,PA,Lewistown,,,2.0,0.0,1.0,3.0,0.0,0.0,
818,PA,Lock Haven,12.0,12.0,3.0,2.0,0.0,1.0,0.0,0.0,9149
819,PA,Mechanicsburg,,,4.0,2.0,0.0,0.0,0.0,0.0,
820,PA,Milton,,,1.0,1.0,0.0,1.0,1.0,1.0,
821,PA,Monroeville,,,3.0,0.0,1.0,0.0,1.0,0.0,
822,PA,Philadelphia,34.0,34.0,63.0,37.0,6.0,22.0,14.0,4.0,1517550
823,PA,Pittsburgh,37.0,37.0,15.0,12.0,0.0,7.0,0.0,0.0,334563
824,PA,Pottsville,25.0,25.0,2.0,3.0,0.0,0.0,0.0,0.0,15549
825,PA,Ross Township,,,5.0,0.0,2.0,1.0,0.0,0.0,
826,PA,Scranton,25.0,25.0,5.0,3.0,0.0,1.0,1.0,1.0,76415
827,PA,Shippensburg,,,3.0,1.0,0.0,1.0,0.0,0.0,
828,PA,State College,,,1.0,1.0,0.0,3.0,0.0,0.0,
829,PA,Warren,16.0,16.0,2.0,1.0,1.0,1.0,1.0,0.0,10259
830,PA,Wilkes,,,10.0,6.0,1.0,3.0,4.0,0.0,
831,RI,Providence,21.0,21.0,1.0,1.0,3.0,4.0,0.0,0.0,173618
832,RI,Warwick,14.0,14.0,2.0,4.0,0.0,1.0,0.0,0.0,85808
833,RI,Westerly,,,3.0,2.0,0.0,3.0,1.0,0.0,
834,SC,Bamberg,,,2.0,0.0,1.0,1.0,1.0,0.0,
835,SC,Brookdale,,,3.0,2.0,0.0,1.0,0.0,0.0,
836,SC,Charleston,21.5,21.5,5.0,2.0,0.0,2.0,2.0,0.0,95528
837,SC,Charleston,21.5,21.5,5.0,2.0,0.0,2.0,2.0,0.0,1122
838,SC,Columbia,23.0,23.0,7.0,3.0,1.0,4.0,1.0,0.0,115876
839,SC,Columbia,23.0,23.0,7.0,3.0,1.0,4.0,1.0,0.0,402
840,SC,Edisto,,,2.0,2.0,0.0,1.0,0.0,0.0,
841,SC,Florence,13.0,13.0,9.0,15.0,2.0,4.0,1.0,0.0,30248
842,SC,Greenville,27.0,27.0,2.0,4.0,0.0,0.0,1.0,0.0,56002
843,SC,Hilton Head Island,,,5.0,1.0,2.0,2.0,0.0,0.0,
844,SC,Myrtle Beach,14.0,14.0,6.0,0.0,0.0,0.0,0.0,0.0,22759
845,SC,North Charleston,19.5,19.5,1.0,1.0,3.0,3.0,0.0,0.0,76244
846,SC,North Charleston,19.5,19.5,1.0,1.0,3.0,3.0,0.0,0.0,3397
847,SC,Orangeburg,20.0,20.0,6.0,4.0,1.0,5.0,0.0,0.0,12765
848,SC,Summerville,,,4.0,2.0,0.0,0.0,0.0,0.0,
849,SC,Sumter,13.0,13.0,7.0,2.0,0.0,1.0,1.0,0.0,39643
850,SC,Wilkinson Heights,,,3.0,3.0,0.0,0.0,0.0,0.0,
851,SD,Rapid City,16.0,16.0,4.0,3.0,0.0,0.0,1.0,0.0,59607
852,SD,Sioux Falls,21.5,21.5,6.0,7.0,0.0,3.0,3.0,0.0,117355
853,SD,Sioux Falls,21.5,21.5,6.0,7.0,0.0,3.0,3.0,0.0,6620
854,SD,Yankton,13.0,13.0,8.0,2.0,0.0,0.0,0.0,0.0,13528
855,TN,Bartlett,36.0,36.0,4.0,0.0,1.0,0.0,0.0,0.0,40543
856,TN,Bristol,17.0,17.0,8.0,4.0,1.0,4.0,1.0,0.0,24821
857,TN,Chattanooga,18.0,18.0,6.0,8.0,1.0,3.0,0.0,0.0,155554
858,TN,Chattanooga,18.0,18.0,6.0,8.0,1.0,3.0,0.0,0.0,0
859,TN,Clarksville,16.0,16.0,4.0,4.0,2.0,2.0,0.0,0.0,103455
860,TN,Cleveland,15.0,15.0,3.0,1.0,0.0,0.0,1.0,0.0,37192
861,TN,Collierville,,,4.0,1.0,1.0,3.0,0.0,0.0,
862,TN,Columbia,13.0,13.0,4.0,1.0,0.0,0.0,0.0,0.0,33055
863,TN,Elizabethton,7.0,7.0,3.0,3.0,0.0,1.0,0.0,0.0,13372
864,TN,Jackson,17.0,17.0,2.0,3.0,2.0,2.0,0.0,0.0,59643
865,TN,Johnson City,14.0,17.0,4.0,2.0,0.0,1.0,0.0,0.0,54091
866,TN,Johnson City,14.0,17.0,4.0,2.0,0.0,1.0,0.0,0.0,1138
867,TN,Johnson City,14.0,17.0,4.0,2.0,0.0,1.0,0.0,0.0,240
868,TN,Kingsport,14.0,14.0,6.0,4.0,0.0,0.0,0.0,0.0,41998
869,TN,Kingsport,14.0,14.0,6.0,4.0,0.0,0.0,0.0,0.0,2907
870,TN,Knoxville,21.0,21.0,9.0,4.0,1.0,4.0,2.0,0.0,173890
871,TN,Lawrenceburg,13.0,13.0,6.0,0.0,1.0,0.0,0.0,0.0,10796
872,TN,Memphis,36.0,36.0,9.0,12.0,3.0,10.0,2.0,2.0,650100
873,TN,Murfreesboro,25.0,25.0,6.0,1.0,1.0,2.0,1.0,0.0,68816
874,TN,Nashville,,,43.0,30.0,10.0,29.0,4.0,2.0,
875,TN,Ooltewah,,,4.0,0.0,0.0,2.0,0.0,0.0,
876,TX,Abilene,17.0,17.0,3.0,4.0,0.0,1.0,0.0,0.0,110442
877,TX,Abilene,17.0,17.0,3.0,4.0,0.0,1.0,0.0,0.0,5488
878,TX,Amarillo,21.0,21.0,4.0,1.0,0.0,0.0,0.0,0.0,99833
879,TX,Amarillo,21.0,21.0,4.0,1.0,0.0,0.0,0.0,0.0,73794
880,TX,Arlington,59.0,59.0,7.0,1.0,3.0,0.0,0.0,0.0,332969
881,TX,Austin,43.5,43.5,36.0,11.0,19.0,29.0,2.0,1.0,644752
882,TX,Austin,43.5,43.5,36.0,11.0,19.0,29.0,2.0,1.0,11810
883,TX,Beaumont,26.0,26.0,7.0,5.0,1.0,0.0,1.0,0.0,113866
884,TX,Bedford,59.0,59.0,3.0,1.0,1.0,0.0,0.0,0.0,47152
885,TX,Bryan,26.0,26.0,6.0,4.0,1.0,2.0,1.0,0.0,65660
886,TX,Cedar Hill,54.5,54.5,1.0,1.0,1.0,2.0,0.0,0.0,32044
887,TX,Cedar Hill,54.5,54.5,1.0,1.0,1.0,2.0,0.0,0.0,49
888,TX,College Station,26.0,26.0,13.0,5.0,3.0,11.0,1.0,2.0,67890
889,TX,Cypress,,,2.0,0.0,3.0,3.0,0.0,0.0,
890,TX,Dallas,47.4,48.0,90.0,57.0,15.0,43.0,10.0,1.0,1121131
891,TX,Dallas,47.4,48.0,90.0,57.0,15.0,43.0,10.0,1.0,45155
892,TX,Dallas,47.4,48.0,90.0,57.0,15.0,43.0,10.0,1.0,22273
893,TX,Dallas,47.4,48.0,90.0,57.0,15.0,43.0,10.0,1.0,21
894,TX,Dallas,47.4,48.0,90.0,57.0,15.0,43.0,10.0,1.0,0
895,TX,Denton,48.0,48.0,4.0,1.0,0.0,3.0,0.0,0.0,80537
896,TX,El Paso,32.0,32.0,8.0,2.0,2.0,0.0,1.0,0.0,563662
897,TX,Fort Worth,53.5,53.5,13.0,9.0,6.0,8.0,0.0,0.0,534650
898,TX,Fort Worth,53.5,53.5,13.0,9.0,6.0,8.0,0.0,0.0,44
899,TX,Friendswood,53.5,53.5,3.0,0.0,1.0,1.0,0.0,1.0,21237
900,TX,Friendswood,53.5,53.5,3.0,0.0,1.0,1.0,0.0,1.0,7800
901,TX,Frisco,51.0,51.0,1.0,1.0,0.0,2.0,1.0,0.0,30312
902,TX,Frisco,51.0,51.0,1.0,1.0,0.0,2.0,1.0,0.0,3402
903,TX,Galveston,30.0,30.0,4.0,1.0,1.0,2.0,0.0,0.0,57247
904,TX,Garland,53.0,54.0,1.0,0.0,1.0,4.0,0.0,0.0,215768
905,TX,Garland,53.0,54.0,1.0,0.0,1.0,4.0,0.0,0.0,0
906,TX,Garland,53.0,54.0,1.0,0.0,1.0,4.0,0.0,0.0,0
907,TX,Georgetown,36.0,36.0,3.0,0.0,0.0,3.0,0.0,0.0,28339
908,TX,Hewitt,29.0,29.0,4.0,1.0,1.0,0.0,1.0,0.0,11085
909,TX,Houston,50.666666666666664,39.0,51.0,25.0,8.0,31.0,6.0,1.0,1919789
910,TX,Houston,50.666666666666664,39.0,51.0,25.0,8.0,31.0,6.0,1.0,33384
911,TX,Houston,50.666666666666664,39.0,51.0,25.0,8.0,31.0,6.0,1.0,458
912,TX,Irving,79.0,79.0,3.0,3.0,0.0,1.0,0.0,0.0,191615
913,TX,Keller,59.0,59.0,5.0,0.0,0.0,1.0,0.0,0.0,27345
914,TX,Killeen,31.0,31.0,4.0,2.0,1.0,0.0,0.0,0.0,86911
915,TX,League City,53.5,53.5,5.0,0.0,0.0,1.0,0.0,0.0,45306
916,TX,League City,53.5,53.5,5.0,0.0,0.0,1.0,0.0,0.0,138
917,TX,Lubbock,33.0,33.0,4.0,1.0,1.0,4.0,1.0,0.0,199564
918,TX,McKinney,54.0,54.0,0.0,0.0,3.0,1.0,1.0,1.0,54369
919,TX,Midland,20.5,20.5,6.0,2.0,3.0,1.0,1.0,0.0,94996
920,TX,Midland,20.5,20.5,6.0,2.0,3.0,1.0,1.0,0.0,0
921,TX,North Richland Hills,59.0,59.0,2.0,1.0,2.0,0.0,1.0,0.0,55635
922,TX,Odessa,29.0,29.0,5.0,5.0,0.0,1.0,0.0,0.0,89901
923,TX,Odessa,29.0,29.0,5.0,5.0,0.0,1.0,0.0,0.0,1042
924,TX,Orange,13.0,13.0,3.0,2.0,0.0,1.0,0.0,0.0,18643
925,TX,Pearland,50.333333333333336,39.0,4.0,1.0,1.0,2.0,0.0,0.0,35696
926,TX,Pearland,50.333333333333336,39.0,4.0,1.0,1.0,2.0,0.0,0.0,1944
927,TX,Pearland,50.333333333333336,39.0,4.0,1.0,1.0,2.0,0.0,0.0,0
928,TX,Pflugerville,43.5,43.5,1.0,0.0,0.0,2.0,2.0,0.0,16335
929,TX,Pflugerville,43.5,43.5,1.0,0.0,0.0,2.0,2.0,0.0,0
930,TX,Plano,51.0,51.0,4.0,1.0,2.0,3.0,0.0,0.0,219890
931,TX,Plano,51.0,51.0,4.0,1.0,2.0,3.0,0.0,0.0,2140
932,TX,Port Arthur,19.5,19.5,8.0,4.0,0.0,2.0,5.0,1.0,57755
933,TX,Port Arthur,19.5,19.5,8.0,4.0,0.0,2.0,5.0,1.0,0
934,TX,Port Neches,26.0,26.0,2.0,2.0,1.0,0.0,1.0,0.0,13601
935,TX,Round Rock,43.5,43.5,1.0,1.0,2.0,2.0,1.0,0.0,60060
936,TX,Round Rock,43.5,43.5,1.0,1.0,2.0,2.0,1.0,0.0,1076
937,TX,San Angelo,22.0,22.0,10.0,1.0,1.0,2.0,1.0,0.0,88439
938,TX,San Antonio,38.5,38.5,15.0,11.0,7.0,8.0,2.0,0.0,1144646
939,TX,San Antonio,38.5,38.5,15.0,11.0,7.0,8.0,2.0,0.0,0
940,TX,San Marcos,26.5,26.5,7.0,0.0,0.0,2.0,1.0,0.0,34733
941,TX,San Marcos,26.5,26.5,7.0,0.0,0.0,2.0,1.0,0.0,0
942,TX,Schertz,34.0,25.0,2.0,0.0,1.0,2.0,0.0,0.0,17333
943,TX,Schertz,34.0,25.0,2.0,0.0,1.0,2.0,0.0,0.0,1045
944,TX,Schertz,34.0,25.0,2.0,0.0,1.0,2.0,0.0,0.0,316
945,TX,Sugar Land,39.0,39.0,5.0,1.0,1.0,2.0,0.0,0.0,63328
946,TX,Temple,31.0,31.0,4.0,1.0,0.0,1.0,0.0,1.0,54514
947,TX,Texarkana,19.0,19.0,6.0,3.0,0.0,1.0,1.0,0.0,34782
948,TX,The Woodlands,,,2.0,2.0,1.0,4.0,1.0,0.0,
949,TX,Tyler,33.0,33.0,2.0,5.0,0.0,0.0,0.0,0.0,83650
950,TX,Waco,29.0,29.0,13.0,6.0,0.0,5.0,1.0,1.0,113726
951,UT,Bountiful,23.0,23.0,1.0,2.0,1.0,1.0,0.0,0.0,41301
952,UT,Draper,32.5,32.5,4.0,1.0,0.0,0.0,1.0,0.0,25220
953,UT,Draper,32.5,32.5,4.0,1.0,0.0,0.0,1.0,0.0,0
954,UT,Hyrum,18.0,18.0,3.0,2.0,0.0,0.0,1.0,0.0,6316
955,UT,Logan,18.0,18.0,4.0,2.0,0.0,4.0,1.0,0.0,42670
956,UT,Murray,35.0,35.0,1.0,1.0,0.0,3.0,1.0,0.0,34024
957,UT,Park City,17.5,17.5,10.0,1.0,1.0,3.0,1.0,0.0,7371
958,UT,Park City,17.5,17.5,10.0,1.0,1.0,3.0,1.0,0.0,0
959,UT,Provo,30.0,30.0,1.0,1.0,1.0,3.0,0.0,0.0,105166
960,UT,Salt Lake City,35.0,35.0,78.0,40.0,16.0,22.0,20.0,4.0,181743
961,UT,Sandy,35.0,35.0,3.0,1.0,0.0,1.0,0.0,0.0,88418
962,UT,Snyderville,,,5.0,1.0,2.0,4.0,4.0,0.0,
963,UT,Summit Park,,,6.0,2.0,1.0,1.0,1.0,0.0,
964,UT,West Jordan,35.0,35.0,4.0,1.0,2.0,4.0,0.0,0.0,68336
965,UT,West Valley City,35.0,35.0,3.0,0.0,1.0,1.0,1.0,0.0,108896
966,VA,Abingdon,,,4.0,3.0,0.0,1.0,0.0,0.0,
967,VA,Alexandria,19.0,19.0,4.0,1.0,2.0,10.0,1.0,0.0,128283
968,VA,Annandale,,,2.0,0.0,2.0,1.0,0.0,0.0,
969,VA,Arlington,,,6.0,1.0,5.0,6.0,2.0,0.0,
970,VA,Ashburn,,,5.0,6.0,2.0,2.0,1.0,0.0,
971,VA,Bon Air,,,1.0,3.0,1.0,2.0,0.0,0.0,
972,VA,Bristol,11.0,11.0,12.0,4.0,1.0,1.0,4.0,0.0,17367
973,VA,Burke,,,4.0,1.0,1.0,5.0,0.0,1.0,
974,VA,Cave Spring,,,1.0,1.0,2.0,2.0,0.0,0.0,
975,VA,Chantilly,,,3.0,1.0,1.0,1.0,1.0,0.0,
976,VA,Charlottesville,16.0,16.0,7.0,3.0,2.0,4.0,0.0,0.0,45049
977,VA,Chesapeake,18.0,18.0,5.0,4.0,1.0,3.0,1.0,0.0,199184
978,VA,Chester,,,7.0,1.0,1.0,1.0,1.0,0.0,
979,VA,Chesterfield,,,4.0,1.0,1.0,0.0,1.0,0.0,
980,VA,Christiansburg,,,1.0,2.0,3.0,2.0,0.0,0.0,
981,VA,Culpeper,,,6.0,4.0,0.0,2.0,0.0,0.0,
982,VA,Dale City,,,1.0,1.0,1.0,2.0,0.0,0.0,
983,VA,Danville,15.0,15.0,10.0,5.0,2.0,3.0,1.0,0.0,48411
984,VA,Fairfax,15.0,15.0,2.0,0.0,1.0,2.0,0.0,1.0,21498
985,VA,Falmouth,,,2.0,0.0,0.0,2.0,2.0,0.0,
986,VA,Farmville,,,4.0,2.0,1.0,0.0,0.0,0.0,
987,VA,Franconia,,,2.0,1.0,0.0,2.0,0.0,0.0,
988,VA,Franklin,7.0,7.0,4.0,3.0,1.0,2.0,1.0,0.0,8346
989,VA,Fredericksburg,13.0,13.0,10.0,3.0,1.0,3.0,2.0,0.0,19279
990,VA,Glen Allen,,,4.0,2.0,1.0,3.0,1.0,0.0,
991,VA,Hampden Sydney,,,3.0,1.0,0.0,1.0,0.0,0.0,
992,VA,Hampton,12.0,12.0,3.0,1.0,0.0,1.0,1.0,0.0,146437
993,VA,Hopewell,8.0,8.0,2.0,3.0,0.0,0.0,0.0,0.0,22354
994,VA,Innsbrook,,,2.0,0.0,3.0,2.0,0.0,0.0,
995,VA,Laurel,,,1.0,2.0,1.0,1.0,0.0,0.0,
996,VA,Lexington,6.0,6.0,3.0,0.0,0.0,2.0,0.0,0.0,6867
997,VA,Lynchburg,18.0,18.0,5.0,4.0,0.0,1.0,0.0,0.0,65269
998,VA,Marion,,,2.0,1.0,0.0,2.0,0.0,0.0,
999,VA,Mechanicsville,,,4.0,2.0,3.0,3.0,0.0,1.0,
1000,VA,Midlothian,,,5.0,1.0,1.0,2.0,2.0,0.0,
1001,VA,Newport News,13.0,13.0,5.0,5.0,1.0,5.0,0.0,0.0,180150
1002,VA,Norfolk,15.0,15.0,5.0,2.0,0.0,3.0,0.0,0.0,234403
1003,VA,Patrick Springs,,,1.0,3.0,1.0,0.0,0.0,0.0,
1004,VA,Portsmouth,12.0,12.0,5.0,1.0,1.0,3.0,2.0,1.0,100565
1005,VA,Reston,,,4.0,4.0,2.0,4.0,1.0,0.0,
1006,VA,Richmond,19.0,19.0,13.0,9.0,6.0,14.0,4.0,2.0,197790
1007,VA,Roanoke,14.0,14.0,25.0,11.0,6.0,14.0,2.0,2.0,94911
1008,VA,Salem,12.0,12.0,2.0,3.0,0.0,4.0,1.0,0.0,24747
1009,VA,Spotsylvania Courthouse,,,7.0,1.0,0.0,2.0,1.0,0.0,
1010,VA,Stafford Courthouse,,,3.0,0.0,1.0,1.0,0.0,0.0,
1011,VA,Stuarts Draft,,,2.0,4.0,0.0,1.0,0.0,0.0,
1012,VA,Suffolk,12.0,12.0,22.0,12.0,0.0,9.0,2.0,0.0,63677
1013,VA,Tuckahoe,,,10.0,2.0,2.0,10.0,0.0,0.0,
1014,VA,Virginia Beach,21.0,21.0,28.0,26.0,4.0,19.0,4.0,0.0,425257
1015,VA,Washington,,,7.0,2.0,5.0,2.0,2.0,0.0,
1016,VA,Waynesboro,11.0,11.0,2.0,2.0,0.0,0.0,1.0,0.0,19520
1017,VA,Williamsburg,8.0,8.0,5.0,1.0,0.0,2.0,0.0,0.0,11998
1018,VA,Winchester,14.0,14.0,6.0,1.0,0.0,0.0,0.0,0.0,23585
1019,VA,Woodbridge,,,3.0,1.0,1.0,0.0,1.0,0.0,
1020,VA,Woodlake,,,1.0,1.0,1.0,8.0,0.0,0.0,
1021,WA,Bellevue,43.0,43.0,6.0,0.0,1.0,0.0,0.0,1.0,109569
1022,WA,Bellingham,19.0,19.0,4.0,0.0,1.0,3.0,0.0,0.0,67171
1023,WA,Ellensburg,14.0,14.0,1.0,2.0,0.0,3.0,1.0,0.0,15414
1024,WA,Issaquah,43.0,43.0,3.0,1.0,0.0,1.0,0.0,0.0,11212
1025,WA,Kelso,19.0,19.0,4.0,3.0,1.0,0.0,0.0,0.0,11895
1026,WA,Kirkland,43.0,43.0,3.0,1.0,0.0,2.0,0.0,0.0,45054
1027,WA,Lacey,20.0,20.0,4.0,1.0,0.0,1.0,0.0,0.0,31226
1028,WA,Longview,19.0,19.0,11.0,7.0,4.0,4.0,3.0,0.0,34660
1029,WA,Olympia,20.0,20.0,2.0,1.0,0.0,3.0,0.0,0.0,42514
1030,WA,Renton,43.0,43.0,2.0,3.0,0.0,0.0,0.0,0.0,50052
1031,WA,Richland,27.0,27.0,2.0,0.0,1.0,1.0,1.0,0.0,38708
1032,WA,Seattle,43.0,43.0,30.0,12.0,14.0,29.0,7.0,0.0,563374
1033,WA,Spokane,33.0,33.0,10.0,3.0,4.0,6.0,1.0,0.0,195629
1034,WA,Spokane Valley,,,5.0,1.0,0.0,1.0,0.0,0.0,
1035,WA,Tacoma,28.0,28.0,6.0,0.0,0.0,1.0,2.0,0.0,193556
1036,WA,Vancouver,24.0,24.0,5.0,0.0,0.0,1.0,1.0,0.0,143560
1037,WI,Appleton,17.0,15.0,9.0,3.0,0.0,3.0,2.0,0.0,58301
1038,WI,Appleton,17.0,15.0,9.0,3.0,0.0,3.0,2.0,0.0,10974
1039,WI,Appleton,17.0,15.0,9.0,3.0,0.0,3.0,2.0,0.0,812
1040,WI,Brookfield,29.0,29.0,5.0,1.0,0.0,1.0,0.0,0.0,38649
1041,WI,Caledonia,,,2.0,0.0,1.0,2.0,1.0,0.0,
1042,WI,Chetek,16.0,16.0,5.0,0.0,0.0,1.0,0.0,0.0,2180
1043,WI,Cottage Grove,,,2.0,0.0,0.0,2.0,1.0,0.0,
1044,WI,Eau Claire,21.5,21.5,3.0,2.0,2.0,3.0,2.0,0.0,59794
1045,WI,Eau Claire,21.5,21.5,3.0,2.0,2.0,3.0,2.0,0.0,1910
1046,WI,Green Bay,24.0,24.0,8.0,4.0,0.0,6.0,1.0,0.0,102313
1047,WI,Kenosha,18.0,18.0,7.0,2.0,0.0,3.0,0.0,1.0,90352
1048,WI,La Crosse,16.0,16.0,10.0,1.0,0.0,5.0,1.0,0.0,51818
1049,WI,Madison,36.0,36.0,23.0,11.0,6.0,18.0,2.0,0.0,208054
1050,WI,Manitowoc,19.0,19.0,3.0,3.0,0.0,1.0,1.0,0.0,34053
1051,WI,Middleton,36.0,36.0,3.0,0.0,1.0,3.0,1.0,0.0,15770
1052,WI,Milwaukee,26.0,29.0,44.0,45.0,10.0,22.0,5.0,2.0,596974
1053,WI,Milwaukee,26.0,29.0,44.0,45.0,10.0,22.0,5.0,2.0,0
1054,WI,Milwaukee,26.0,29.0,44.0,45.0,10.0,22.0,5.0,2.0,0
1055,WI,Mount Pleasant,,,5.0,0.0,0.0,1.0,0.0,0.0,
1056,WI,Neenah,15.0,15.0,2.0,3.0,1.0,1.0,0.0,0.0,24507
1057,WI,Onalaska,16.0,16.0,2.0,2.0,0.0,1.0,0.0,0.0,14839
1058,WI,Oshkosh,15.0,15.0,4.0,2.0,0.0,3.0,0.0,0.0,62916
1059,WI,Plover,,,4.0,2.0,0.0,2.0,0.0,0.0,
1060,WI,Racine,18.0,18.0,3.0,2.0,1.0,0.0,0.0,0.0,81855
1061,WI,Rice Lake,16.0,16.0,2.0,3.0,1.0,0.0,0.0,0.0,8320
1062,WI,Sheboygan,18.0,18.0,1.0,3.0,1.0,1.0,0.0,0.0,50792
1063,WI,Stevens Point,21.0,21.0,1.0,3.0,2.0,1.0,1.0,0.0,24551
1064,WI,Stoughton,36.0,36.0,0.0,3.0,0.0,2.0,0.0,0.0,12354
1065,WI,Sun Prairie,36.0,36.0,2.0,1.0,4.0,3.0,1.0,0.0,20369
1066,WI,Waukesha,29.0,29.0,1.0,2.0,2.0,3.0,0.0,0.0,64825
1067,WI,Waunakee,,,1.0,0.0,1.0,3.0,0.0,0.0,
1068,WI,Wauwatosa,33.0,33.0,0.0,2.0,0.0,5.0,1.0,0.0,47271
1069,WI,West Allis,33.0,33.0,5.0,3.0,1.0,0.0,2.0,0.0,61254
1070,WI,West Bend,16.0,16.0,2.0,0.0,1.0,1.0,1.0,0.0,28152
1071,WI,Wisconsin Rapids,16.0,16.0,1.0,3.0,2.0,0.0,1.0,0.0,18435
1072,WV,Charleston,12.0,12.0,4.0,1.0,1.0,3.0,0.0,0.0,53421
1073,WV,Morgantown,16.0,16.0,2.0,1.0,2.0,1.0,0.0,0.0,26809
1074,WV,Parkersburg,15.0,15.0,3.0,2.0,0.0,4.0,1.0,1.0,33099
1075,WV,Wheeling,11.5,11.5,3.0,2.0,0.0,2.0,0.0,0.0,31059
1076,WV,Wheeling,11.5,11.5,3.0,2.0,0.0,2.0,0.0,0.0,360
1077,WY,Cheyenne,18.0,18.0,2.0,1.0,0.0,0.0,1.0,1.0,53011
1078,WY,Cody,12.0,12.0,3.0,2.0,0.0,1.0,0.0,0.0,8835
1079,WY,Laramie,15.0,15.0,2.0,3.0,0.0,1.0,0.0,0.0,27204
